-- ============================================================
-- Stallion Pit — GOLDEN SEED (data imported from aCar backup)
-- Re-run this file ANY TIME to reset the data to this pristine state.
-- It truncates the data tables (auth/login is NOT touched) and re-inserts.
-- ============================================================
begin;
truncate table public.snags, public.parts, public.service_logs, public.fuel_logs, public.vehicles restart identity cascade;

insert into public.vehicles (id, name, make, model, sub_model, year, engine_description, transmission, drive_type, body_type, fuel_type, fuel_tank_capacity, purchase_date, purchase_price_kes, odometer_at_purchase, notes, is_active) values ('564278df-af5c-476f-bb8f-6d7597fb8339', 'Mercedes', 'Mercedes-Benz', 'C180', 'Base', 1996, 'L4 GAS', 'Manual 5 Speed', 'RWD', 'Sedan', 'Petrol', null, '2021-07-29', 50000, 169635, 'Imported from aCar', true);
insert into public.vehicles (id, name, make, model, sub_model, year, engine_description, transmission, drive_type, body_type, fuel_type, fuel_tank_capacity, purchase_date, purchase_price_kes, odometer_at_purchase, notes, is_active) values ('ea244a14-2259-4e15-9390-47d2835bd988', 'Polo', 'Volkswagen', 'Polo', '1.4 GT', 2004, null, null, null, null, 'Petrol', null, null, null, null, 'Imported from aCar', true);

insert into public.fuel_logs (vehicle_id, logged_at, odometer_km, volume_litres, total_cost_kes, price_per_litre_kes, is_partial, has_additive, additive_name, driving_mode, fuel_grade, station, notes) values ('564278df-af5c-476f-bb8f-6d7597fb8339', '2026-06-11', 282421, 28.011, 6000, 214.2, true, false, null, 'Normal', '80 RON', null, null);
insert into public.fuel_logs (vehicle_id, logged_at, odometer_km, volume_litres, total_cost_kes, price_per_litre_kes, is_partial, has_additive, additive_name, driving_mode, fuel_grade, station, notes) values ('564278df-af5c-476f-bb8f-6d7597fb8339', '2026-06-09', 282188, 23.343, 5000, 214.2, true, false, null, 'Normal', '80 RON', null, null);
insert into public.fuel_logs (vehicle_id, logged_at, odometer_km, volume_litres, total_cost_kes, price_per_litre_kes, is_partial, has_additive, additive_name, driving_mode, fuel_grade, station, notes) values ('564278df-af5c-476f-bb8f-6d7597fb8339', '2026-06-02', 281751, 37.348, 8000, 214.2, true, false, null, 'Normal', '80 RON', null, null);
insert into public.fuel_logs (vehicle_id, logged_at, odometer_km, volume_litres, total_cost_kes, price_per_litre_kes, is_partial, has_additive, additive_name, driving_mode, fuel_grade, station, notes) values ('564278df-af5c-476f-bb8f-6d7597fb8339', '2026-05-29', 281641, 14.006, 3000, 214.2, true, false, null, 'Normal', '80 RON', null, null);
insert into public.fuel_logs (vehicle_id, logged_at, odometer_km, volume_litres, total_cost_kes, price_per_litre_kes, is_partial, has_additive, additive_name, driving_mode, fuel_grade, station, notes) values ('564278df-af5c-476f-bb8f-6d7597fb8339', '2026-05-20', 281077, 28.129, 6000, 213.3, true, false, null, 'Normal', '80 RON', null, null);
insert into public.fuel_logs (vehicle_id, logged_at, odometer_km, volume_litres, total_cost_kes, price_per_litre_kes, is_partial, has_additive, additive_name, driving_mode, fuel_grade, station, notes) values ('564278df-af5c-476f-bb8f-6d7597fb8339', '2026-05-14', 280831, 40.486, 8000, 197.6, true, false, null, 'Normal', '80 RON', null, null);
insert into public.fuel_logs (vehicle_id, logged_at, odometer_km, volume_litres, total_cost_kes, price_per_litre_kes, is_partial, has_additive, additive_name, driving_mode, fuel_grade, station, notes) values ('564278df-af5c-476f-bb8f-6d7597fb8339', '2026-05-07', 280371, 40.486, 8000, 197.6, true, false, null, 'Normal', '80 RON', null, null);
insert into public.fuel_logs (vehicle_id, logged_at, odometer_km, volume_litres, total_cost_kes, price_per_litre_kes, is_partial, has_additive, additive_name, driving_mode, fuel_grade, station, notes) values ('564278df-af5c-476f-bb8f-6d7597fb8339', '2026-05-02', 279907, 24.883, 5000, 200.94, true, false, null, 'Normal', '80 RON', null, null);
insert into public.fuel_logs (vehicle_id, logged_at, odometer_km, volume_litres, total_cost_kes, price_per_litre_kes, is_partial, has_additive, additive_name, driving_mode, fuel_grade, station, notes) values ('564278df-af5c-476f-bb8f-6d7597fb8339', '2026-04-24', 279228, 40.486, 8000, 197.6, true, false, null, 'Normal', '80 RON', null, null);
insert into public.fuel_logs (vehicle_id, logged_at, odometer_km, volume_litres, total_cost_kes, price_per_litre_kes, is_partial, has_additive, additive_name, driving_mode, fuel_grade, station, notes) values ('564278df-af5c-476f-bb8f-6d7597fb8339', '2026-04-20', 278797, 25.304, 5000, 197.6, true, false, null, 'Normal', '80 RON', null, null);
insert into public.fuel_logs (vehicle_id, logged_at, odometer_km, volume_litres, total_cost_kes, price_per_litre_kes, is_partial, has_additive, additive_name, driving_mode, fuel_grade, station, notes) values ('564278df-af5c-476f-bb8f-6d7597fb8339', '2026-04-15', 278509, 24.158, 5000, 206.97, true, false, null, 'Normal', '80 RON', null, null);
insert into public.fuel_logs (vehicle_id, logged_at, odometer_km, volume_litres, total_cost_kes, price_per_litre_kes, is_partial, has_additive, additive_name, driving_mode, fuel_grade, station, notes) values ('564278df-af5c-476f-bb8f-6d7597fb8339', '2026-04-11', 278254, 22.447, 4000, 178.2, true, false, null, 'Normal', '80 RON', null, null);
insert into public.fuel_logs (vehicle_id, logged_at, odometer_km, volume_litres, total_cost_kes, price_per_litre_kes, is_partial, has_additive, additive_name, driving_mode, fuel_grade, station, notes) values ('564278df-af5c-476f-bb8f-6d7597fb8339', '2026-04-07', 277922, 44.893, 8000, 178.2, true, false, null, 'Normal', '80 RON', null, null);
insert into public.fuel_logs (vehicle_id, logged_at, odometer_km, volume_litres, total_cost_kes, price_per_litre_kes, is_partial, has_additive, additive_name, driving_mode, fuel_grade, station, notes) values ('564278df-af5c-476f-bb8f-6d7597fb8339', '2026-03-31', 277542, 44.893, 8000, 178.2, true, false, null, 'Normal', '80 RON', null, null);
insert into public.fuel_logs (vehicle_id, logged_at, odometer_km, volume_litres, total_cost_kes, price_per_litre_kes, is_partial, has_additive, additive_name, driving_mode, fuel_grade, station, notes) values ('564278df-af5c-476f-bb8f-6d7597fb8339', '2026-03-24', 276755, 28.058, 5000, 178.2, true, false, null, 'Normal', '80 RON', null, null);
insert into public.fuel_logs (vehicle_id, logged_at, odometer_km, volume_litres, total_cost_kes, price_per_litre_kes, is_partial, has_additive, additive_name, driving_mode, fuel_grade, station, notes) values ('564278df-af5c-476f-bb8f-6d7597fb8339', '2026-02-27', 276008, 28.058, 5000, 178.2, true, false, null, 'Normal', '80 RON', null, null);
insert into public.fuel_logs (vehicle_id, logged_at, odometer_km, volume_litres, total_cost_kes, price_per_litre_kes, is_partial, has_additive, additive_name, driving_mode, fuel_grade, station, notes) values ('564278df-af5c-476f-bb8f-6d7597fb8339', '2026-02-24', 275784, 28.027, 5000, 178.4, true, false, null, 'Normal', '80 RON', null, null);
insert into public.fuel_logs (vehicle_id, logged_at, odometer_km, volume_litres, total_cost_kes, price_per_litre_kes, is_partial, has_additive, additive_name, driving_mode, fuel_grade, station, notes) values ('564278df-af5c-476f-bb8f-6d7597fb8339', '2026-02-23', 275658, 11.223, 2000, 178.2, true, false, null, 'Normal', '80 RON', null, null);
insert into public.fuel_logs (vehicle_id, logged_at, odometer_km, volume_litres, total_cost_kes, price_per_litre_kes, is_partial, has_additive, additive_name, driving_mode, fuel_grade, station, notes) values ('564278df-af5c-476f-bb8f-6d7597fb8339', '2026-02-15', 275054, 28.058, 5000, 178.2, true, false, null, 'Normal', '80 RON', null, null);
insert into public.fuel_logs (vehicle_id, logged_at, odometer_km, volume_litres, total_cost_kes, price_per_litre_kes, is_partial, has_additive, additive_name, driving_mode, fuel_grade, station, notes) values ('564278df-af5c-476f-bb8f-6d7597fb8339', '2026-02-13', 274781, 27.397, 5000, 182.5, true, false, null, 'Normal', '80 RON', null, null);
insert into public.fuel_logs (vehicle_id, logged_at, odometer_km, volume_litres, total_cost_kes, price_per_litre_kes, is_partial, has_additive, additive_name, driving_mode, fuel_grade, station, notes) values ('564278df-af5c-476f-bb8f-6d7597fb8339', '2026-02-09', 274577, 16.438, 3000, 182.5, true, false, null, 'Normal', '80 RON', null, null);
insert into public.fuel_logs (vehicle_id, logged_at, odometer_km, volume_litres, total_cost_kes, price_per_litre_kes, is_partial, has_additive, additive_name, driving_mode, fuel_grade, station, notes) values ('564278df-af5c-476f-bb8f-6d7597fb8339', '2026-02-04', 274288, 27.397, 5000, 182.5, true, false, null, 'Normal', '80 RON', null, null);
insert into public.fuel_logs (vehicle_id, logged_at, odometer_km, volume_litres, total_cost_kes, price_per_litre_kes, is_partial, has_additive, additive_name, driving_mode, fuel_grade, station, notes) values ('564278df-af5c-476f-bb8f-6d7597fb8339', '2026-02-02', 274052, 27.397, 5000, 182.5, true, false, null, 'Normal', '80 RON', null, null);
insert into public.fuel_logs (vehicle_id, logged_at, odometer_km, volume_litres, total_cost_kes, price_per_litre_kes, is_partial, has_additive, additive_name, driving_mode, fuel_grade, station, notes) values ('564278df-af5c-476f-bb8f-6d7597fb8339', '2026-02-01', 273889, 10.959, 2000, 182.5, true, false, null, 'Normal', '80 RON', null, null);
insert into public.fuel_logs (vehicle_id, logged_at, odometer_km, volume_litres, total_cost_kes, price_per_litre_kes, is_partial, has_additive, additive_name, driving_mode, fuel_grade, station, notes) values ('564278df-af5c-476f-bb8f-6d7597fb8339', '2026-01-30', 273266, 60.274, 11000, 182.5, false, false, null, 'Normal', '80 RON', null, null);
insert into public.fuel_logs (vehicle_id, logged_at, odometer_km, volume_litres, total_cost_kes, price_per_litre_kes, is_partial, has_additive, additive_name, driving_mode, fuel_grade, station, notes) values ('564278df-af5c-476f-bb8f-6d7597fb8339', '2026-01-29', 273158, 10.959, 2000, 182.5, true, false, null, 'Normal', '80 RON', null, null);
insert into public.fuel_logs (vehicle_id, logged_at, odometer_km, volume_litres, total_cost_kes, price_per_litre_kes, is_partial, has_additive, additive_name, driving_mode, fuel_grade, station, notes) values ('564278df-af5c-476f-bb8f-6d7597fb8339', '2026-01-27', 272996, 16.438, 3000, 182.5, true, false, null, 'Normal', '80 RON', null, null);
insert into public.fuel_logs (vehicle_id, logged_at, odometer_km, volume_litres, total_cost_kes, price_per_litre_kes, is_partial, has_additive, additive_name, driving_mode, fuel_grade, station, notes) values ('564278df-af5c-476f-bb8f-6d7597fb8339', '2026-01-22', 272675, 27.397, 5000, 182.5, true, false, null, 'Normal', '80 RON', null, null);
insert into public.fuel_logs (vehicle_id, logged_at, odometer_km, volume_litres, total_cost_kes, price_per_litre_kes, is_partial, has_additive, additive_name, driving_mode, fuel_grade, station, notes) values ('564278df-af5c-476f-bb8f-6d7597fb8339', '2026-01-20', 272400, 27.397, 5000, 182.5, true, false, null, 'Normal', '80 RON', null, null);
insert into public.fuel_logs (vehicle_id, logged_at, odometer_km, volume_litres, total_cost_kes, price_per_litre_kes, is_partial, has_additive, additive_name, driving_mode, fuel_grade, station, notes) values ('564278df-af5c-476f-bb8f-6d7597fb8339', '2026-01-17', 272220, 16.438, 3000, 182.5, true, false, null, 'Normal', '80 RON', null, null);
insert into public.fuel_logs (vehicle_id, logged_at, odometer_km, volume_litres, total_cost_kes, price_per_litre_kes, is_partial, has_additive, additive_name, driving_mode, fuel_grade, station, notes) values ('564278df-af5c-476f-bb8f-6d7597fb8339', '2026-01-13', 271776, 43.36, 8000, 184.5, true, false, null, 'Normal', '80 RON', null, null);
insert into public.fuel_logs (vehicle_id, logged_at, odometer_km, volume_litres, total_cost_kes, price_per_litre_kes, is_partial, has_additive, additive_name, driving_mode, fuel_grade, station, notes) values ('564278df-af5c-476f-bb8f-6d7597fb8339', '2026-01-10', 271620, 13.55, 2500, 184.5, true, false, null, 'Normal', '80 RON', null, null);
insert into public.fuel_logs (vehicle_id, logged_at, odometer_km, volume_litres, total_cost_kes, price_per_litre_kes, is_partial, has_additive, additive_name, driving_mode, fuel_grade, station, notes) values ('564278df-af5c-476f-bb8f-6d7597fb8339', '2026-01-05', 271052, 27.1, 5000, 184.5, true, false, null, 'Normal', '80 RON', null, null);
insert into public.fuel_logs (vehicle_id, logged_at, odometer_km, volume_litres, total_cost_kes, price_per_litre_kes, is_partial, has_additive, additive_name, driving_mode, fuel_grade, station, notes) values ('564278df-af5c-476f-bb8f-6d7597fb8339', '2026-01-02', 270680, 16.278, 3000, 184.3, true, false, null, 'Normal', '80 RON', null, null);
insert into public.fuel_logs (vehicle_id, logged_at, odometer_km, volume_litres, total_cost_kes, price_per_litre_kes, is_partial, has_additive, additive_name, driving_mode, fuel_grade, station, notes) values ('564278df-af5c-476f-bb8f-6d7597fb8339', '2025-12-31', 270505, 27.13, 5000, 184.3, true, false, null, 'Normal', '80 RON', null, null);
insert into public.fuel_logs (vehicle_id, logged_at, odometer_km, volume_litres, total_cost_kes, price_per_litre_kes, is_partial, has_additive, additive_name, driving_mode, fuel_grade, station, notes) values ('564278df-af5c-476f-bb8f-6d7597fb8339', '2025-12-30', 270349, 16.278, 3000, 184.3, true, false, null, 'Normal', '80 RON', null, null);
insert into public.fuel_logs (vehicle_id, logged_at, odometer_km, volume_litres, total_cost_kes, price_per_litre_kes, is_partial, has_additive, additive_name, driving_mode, fuel_grade, station, notes) values ('564278df-af5c-476f-bb8f-6d7597fb8339', '2025-12-29', 270159, 32.556, 6000, 184.3, true, false, null, 'Normal', '80 RON', null, null);
insert into public.fuel_logs (vehicle_id, logged_at, odometer_km, volume_litres, total_cost_kes, price_per_litre_kes, is_partial, has_additive, additive_name, driving_mode, fuel_grade, station, notes) values ('564278df-af5c-476f-bb8f-6d7597fb8339', '2025-12-28', 269846, 27.115, 5000, 184.4, true, false, null, 'Normal', '80 RON', null, null);
insert into public.fuel_logs (vehicle_id, logged_at, odometer_km, volume_litres, total_cost_kes, price_per_litre_kes, is_partial, has_additive, additive_name, driving_mode, fuel_grade, station, notes) values ('564278df-af5c-476f-bb8f-6d7597fb8339', '2025-12-19', 269804, 10.84, 2000, 184.5, true, false, null, 'Normal', '80 RON', null, null);
insert into public.fuel_logs (vehicle_id, logged_at, odometer_km, volume_litres, total_cost_kes, price_per_litre_kes, is_partial, has_additive, additive_name, driving_mode, fuel_grade, station, notes) values ('564278df-af5c-476f-bb8f-6d7597fb8339', '2025-12-18', 269676, 13.55, 2500, 184.5, true, false, null, 'Normal', '80 RON', null, null);
insert into public.fuel_logs (vehicle_id, logged_at, odometer_km, volume_litres, total_cost_kes, price_per_litre_kes, is_partial, has_additive, additive_name, driving_mode, fuel_grade, station, notes) values ('564278df-af5c-476f-bb8f-6d7597fb8339', '2025-12-12', 268853, 27.056, 5000, 184.8, true, false, null, 'Normal', '80 RON', null, null);
insert into public.fuel_logs (vehicle_id, logged_at, odometer_km, volume_litres, total_cost_kes, price_per_litre_kes, is_partial, has_additive, additive_name, driving_mode, fuel_grade, station, notes) values ('564278df-af5c-476f-bb8f-6d7597fb8339', '2025-12-03', 268503, 43.36, 8000, 184.5, true, false, null, 'Normal', '80 RON', null, null);
insert into public.fuel_logs (vehicle_id, logged_at, odometer_km, volume_litres, total_cost_kes, price_per_litre_kes, is_partial, has_additive, additive_name, driving_mode, fuel_grade, station, notes) values ('564278df-af5c-476f-bb8f-6d7597fb8339', '2025-12-02', 268374, 10.84, 2000, 184.5, true, false, null, 'Normal', '80 RON', null, null);
insert into public.fuel_logs (vehicle_id, logged_at, odometer_km, volume_litres, total_cost_kes, price_per_litre_kes, is_partial, has_additive, additive_name, driving_mode, fuel_grade, station, notes) values ('564278df-af5c-476f-bb8f-6d7597fb8339', '2025-11-26', 267909, 43.36, 8000, 184.5, true, false, null, 'Normal', '80 RON', null, null);
insert into public.fuel_logs (vehicle_id, logged_at, odometer_km, volume_litres, total_cost_kes, price_per_litre_kes, is_partial, has_additive, additive_name, driving_mode, fuel_grade, station, notes) values ('564278df-af5c-476f-bb8f-6d7597fb8339', '2025-11-20', 267416, 43.36, 8000, 184.5, true, false, null, 'Normal', '80 RON', null, null);
insert into public.fuel_logs (vehicle_id, logged_at, odometer_km, volume_litres, total_cost_kes, price_per_litre_kes, is_partial, has_additive, additive_name, driving_mode, fuel_grade, station, notes) values ('564278df-af5c-476f-bb8f-6d7597fb8339', '2025-11-17', 267214, 16.26, 3000, 184.5, true, false, null, 'Normal', '80 RON', null, null);
insert into public.fuel_logs (vehicle_id, logged_at, odometer_km, volume_litres, total_cost_kes, price_per_litre_kes, is_partial, has_additive, additive_name, driving_mode, fuel_grade, station, notes) values ('564278df-af5c-476f-bb8f-6d7597fb8339', '2025-11-10', 266746, 43.36, 8000, 184.5, true, false, null, 'Normal', '80 RON', null, null);
insert into public.fuel_logs (vehicle_id, logged_at, odometer_km, volume_litres, total_cost_kes, price_per_litre_kes, is_partial, has_additive, additive_name, driving_mode, fuel_grade, station, notes) values ('564278df-af5c-476f-bb8f-6d7597fb8339', '2025-11-04', 266260, 43.36, 8000, 184.5, true, false, null, 'Normal', '80 RON', null, null);
insert into public.fuel_logs (vehicle_id, logged_at, odometer_km, volume_litres, total_cost_kes, price_per_litre_kes, is_partial, has_additive, additive_name, driving_mode, fuel_grade, station, notes) values ('564278df-af5c-476f-bb8f-6d7597fb8339', '2025-10-28', 265797, 43.36, 8000, 184.5, true, false, null, 'Normal', '80 RON', null, null);
insert into public.fuel_logs (vehicle_id, logged_at, odometer_km, volume_litres, total_cost_kes, price_per_litre_kes, is_partial, has_additive, additive_name, driving_mode, fuel_grade, station, notes) values ('564278df-af5c-476f-bb8f-6d7597fb8339', '2025-10-22', 265254, 43.36, 8000, 184.5, true, false, null, 'Normal', '80 RON', null, null);
insert into public.fuel_logs (vehicle_id, logged_at, odometer_km, volume_litres, total_cost_kes, price_per_litre_kes, is_partial, has_additive, additive_name, driving_mode, fuel_grade, station, notes) values ('564278df-af5c-476f-bb8f-6d7597fb8339', '2025-10-02', 264429, 59.621, 11000, 184.5, false, false, null, 'Normal', '80 RON', null, null);
insert into public.fuel_logs (vehicle_id, logged_at, odometer_km, volume_litres, total_cost_kes, price_per_litre_kes, is_partial, has_additive, additive_name, driving_mode, fuel_grade, station, notes) values ('564278df-af5c-476f-bb8f-6d7597fb8339', '2025-10-02', 264317, 10.787, 2000, 185.4, true, false, null, 'Normal', '80 RON', null, null);
insert into public.fuel_logs (vehicle_id, logged_at, odometer_km, volume_litres, total_cost_kes, price_per_litre_kes, is_partial, has_additive, additive_name, driving_mode, fuel_grade, station, notes) values ('564278df-af5c-476f-bb8f-6d7597fb8339', '2025-09-27', 263946, 31.932, 6000, 187.9, true, false, null, 'Normal', '80 RON', null, null);
insert into public.fuel_logs (vehicle_id, logged_at, odometer_km, volume_litres, total_cost_kes, price_per_litre_kes, is_partial, has_additive, additive_name, driving_mode, fuel_grade, station, notes) values ('564278df-af5c-476f-bb8f-6d7597fb8339', '2025-09-26', 263904, 5.305, 1000, 188.5, true, false, null, 'Normal', '80 RON', null, null);
insert into public.fuel_logs (vehicle_id, logged_at, odometer_km, volume_litres, total_cost_kes, price_per_litre_kes, is_partial, has_additive, additive_name, driving_mode, fuel_grade, station, notes) values ('564278df-af5c-476f-bb8f-6d7597fb8339', '2025-09-15', 263435, 48.78, 9000, 184.5, false, false, null, 'Normal', '80 RON', null, null);
insert into public.fuel_logs (vehicle_id, logged_at, odometer_km, volume_litres, total_cost_kes, price_per_litre_kes, is_partial, has_additive, additive_name, driving_mode, fuel_grade, station, notes) values ('564278df-af5c-476f-bb8f-6d7597fb8339', '2025-09-09', 263154, 26.983, 5000, 185.3, true, false, null, 'Normal', '80 RON', null, null);
insert into public.fuel_logs (vehicle_id, logged_at, odometer_km, volume_litres, total_cost_kes, price_per_litre_kes, is_partial, has_additive, additive_name, driving_mode, fuel_grade, station, notes) values ('564278df-af5c-476f-bb8f-6d7597fb8339', '2025-09-03', 262969, 16.19, 3000, 185.3, true, false, null, 'Normal', '80 RON', null, null);
insert into public.fuel_logs (vehicle_id, logged_at, odometer_km, volume_litres, total_cost_kes, price_per_litre_kes, is_partial, has_additive, additive_name, driving_mode, fuel_grade, station, notes) values ('564278df-af5c-476f-bb8f-6d7597fb8339', '2025-08-31', 262738, 26.983, 5000, 185.3, true, false, null, 'Normal', '80 RON', null, null);
insert into public.fuel_logs (vehicle_id, logged_at, odometer_km, volume_litres, total_cost_kes, price_per_litre_kes, is_partial, has_additive, additive_name, driving_mode, fuel_grade, station, notes) values ('564278df-af5c-476f-bb8f-6d7597fb8339', '2025-08-31', 262519, 15.898, 3000, 188.7, true, false, null, 'Normal', '80 RON', null, null);
insert into public.fuel_logs (vehicle_id, logged_at, odometer_km, volume_litres, total_cost_kes, price_per_litre_kes, is_partial, has_additive, additive_name, driving_mode, fuel_grade, station, notes) values ('564278df-af5c-476f-bb8f-6d7597fb8339', '2025-08-27', 262124, 10.735, 2000, 186.3, true, false, null, 'Normal', '80 RON', null, null);
insert into public.fuel_logs (vehicle_id, logged_at, odometer_km, volume_litres, total_cost_kes, price_per_litre_kes, is_partial, has_additive, additive_name, driving_mode, fuel_grade, station, notes) values ('564278df-af5c-476f-bb8f-6d7597fb8339', '2025-08-23', 261987, 43.173, 8000, 185.3, true, false, null, 'Normal', '80 RON', null, null);
insert into public.fuel_logs (vehicle_id, logged_at, odometer_km, volume_litres, total_cost_kes, price_per_litre_kes, is_partial, has_additive, additive_name, driving_mode, fuel_grade, station, notes) values ('564278df-af5c-476f-bb8f-6d7597fb8339', '2025-08-13', 261898, 10.735, 2000, 186.3, true, false, null, 'Normal', '80 RON', null, null);
insert into public.fuel_logs (vehicle_id, logged_at, odometer_km, volume_litres, total_cost_kes, price_per_litre_kes, is_partial, has_additive, additive_name, driving_mode, fuel_grade, station, notes) values ('564278df-af5c-476f-bb8f-6d7597fb8339', '2025-08-08', 261616, 26.838, 5000, 186.3, true, false, null, 'Normal', '80 RON', null, null);
insert into public.fuel_logs (vehicle_id, logged_at, odometer_km, volume_litres, total_cost_kes, price_per_litre_kes, is_partial, has_additive, additive_name, driving_mode, fuel_grade, station, notes) values ('564278df-af5c-476f-bb8f-6d7597fb8339', '2025-08-06', 261340, 26.838, 5000, 186.3, true, false, null, 'Normal', '80 RON', null, null);
insert into public.fuel_logs (vehicle_id, logged_at, odometer_km, volume_litres, total_cost_kes, price_per_litre_kes, is_partial, has_additive, additive_name, driving_mode, fuel_grade, station, notes) values ('564278df-af5c-476f-bb8f-6d7597fb8339', '2025-07-30', 260841, 42.941, 8000, 186.3, false, false, null, 'Normal', '80 RON', null, null);
insert into public.fuel_logs (vehicle_id, logged_at, odometer_km, volume_litres, total_cost_kes, price_per_litre_kes, is_partial, has_additive, additive_name, driving_mode, fuel_grade, station, notes) values ('564278df-af5c-476f-bb8f-6d7597fb8339', '2025-07-29', 260629, 26.838, 5000, 186.3, true, false, null, 'Normal', '80 RON', null, null);
insert into public.fuel_logs (vehicle_id, logged_at, odometer_km, volume_litres, total_cost_kes, price_per_litre_kes, is_partial, has_additive, additive_name, driving_mode, fuel_grade, station, notes) values ('564278df-af5c-476f-bb8f-6d7597fb8339', '2025-07-26', 260479, 10.735, 2000, 186.3, true, false, null, 'Normal', '80 RON', null, null);
insert into public.fuel_logs (vehicle_id, logged_at, odometer_km, volume_litres, total_cost_kes, price_per_litre_kes, is_partial, has_additive, additive_name, driving_mode, fuel_grade, station, notes) values ('564278df-af5c-476f-bb8f-6d7597fb8339', '2025-07-21', 260089, 42.941, 8000, 186.3, true, false, null, 'Normal', '80 RON', null, null);
insert into public.fuel_logs (vehicle_id, logged_at, odometer_km, volume_litres, total_cost_kes, price_per_litre_kes, is_partial, has_additive, additive_name, driving_mode, fuel_grade, station, notes) values ('564278df-af5c-476f-bb8f-6d7597fb8339', '2025-07-06', 259642, 28.523, 5000, 175.3, true, false, null, 'Normal', '80 RON', null, null);
insert into public.fuel_logs (vehicle_id, logged_at, odometer_km, volume_litres, total_cost_kes, price_per_litre_kes, is_partial, has_additive, additive_name, driving_mode, fuel_grade, station, notes) values ('564278df-af5c-476f-bb8f-6d7597fb8339', '2025-06-30', 259212, 31.021, 5500, 177.3, true, false, null, 'Normal', '80 RON', null, null);
insert into public.fuel_logs (vehicle_id, logged_at, odometer_km, volume_litres, total_cost_kes, price_per_litre_kes, is_partial, has_additive, additive_name, driving_mode, fuel_grade, station, notes) values ('564278df-af5c-476f-bb8f-6d7597fb8339', '2025-06-03', 258723, 45.819, 8000, 174.6, true, false, null, 'Normal', '80 RON', null, null);
insert into public.fuel_logs (vehicle_id, logged_at, odometer_km, volume_litres, total_cost_kes, price_per_litre_kes, is_partial, has_additive, additive_name, driving_mode, fuel_grade, station, notes) values ('564278df-af5c-476f-bb8f-6d7597fb8339', '2025-05-23', 258179, 45.819, 8000, 174.6, true, false, null, 'Normal', '80 RON', null, null);
insert into public.fuel_logs (vehicle_id, logged_at, odometer_km, volume_litres, total_cost_kes, price_per_litre_kes, is_partial, has_additive, additive_name, driving_mode, fuel_grade, station, notes) values ('564278df-af5c-476f-bb8f-6d7597fb8339', '2025-05-10', 257459, 8.591, 1500, 174.6, true, false, null, 'Normal', '80 RON', null, null);
insert into public.fuel_logs (vehicle_id, logged_at, odometer_km, volume_litres, total_cost_kes, price_per_litre_kes, is_partial, has_additive, additive_name, driving_mode, fuel_grade, station, notes) values ('564278df-af5c-476f-bb8f-6d7597fb8339', '2025-05-06', 257262, 40.092, 7000, 174.6, true, false, null, 'Normal', '80 RON', null, null);
insert into public.fuel_logs (vehicle_id, logged_at, odometer_km, volume_litres, total_cost_kes, price_per_litre_kes, is_partial, has_additive, additive_name, driving_mode, fuel_grade, station, notes) values ('564278df-af5c-476f-bb8f-6d7597fb8339', '2025-04-30', 256953, 28.637, 5000, 174.6, false, false, null, 'Normal', '80 RON', null, null);
insert into public.fuel_logs (vehicle_id, logged_at, odometer_km, volume_litres, total_cost_kes, price_per_litre_kes, is_partial, has_additive, additive_name, driving_mode, fuel_grade, station, notes) values ('564278df-af5c-476f-bb8f-6d7597fb8339', '2025-04-26', 256652, 28.637, 5000, 174.6, true, false, null, 'Normal', '80 RON', null, null);
insert into public.fuel_logs (vehicle_id, logged_at, odometer_km, volume_litres, total_cost_kes, price_per_litre_kes, is_partial, has_additive, additive_name, driving_mode, fuel_grade, station, notes) values ('564278df-af5c-476f-bb8f-6d7597fb8339', '2025-04-23', 256469, 5.727, 1000, 174.6, true, false, null, 'Normal', '80 RON', null, null);
insert into public.fuel_logs (vehicle_id, logged_at, odometer_km, volume_litres, total_cost_kes, price_per_litre_kes, is_partial, has_additive, additive_name, driving_mode, fuel_grade, station, notes) values ('564278df-af5c-476f-bb8f-6d7597fb8339', '2025-04-22', 256368, 11.338, 2000, 176.4, false, false, null, 'Normal', '80 RON', null, null);
insert into public.fuel_logs (vehicle_id, logged_at, odometer_km, volume_litres, total_cost_kes, price_per_litre_kes, is_partial, has_additive, additive_name, driving_mode, fuel_grade, station, notes) values ('564278df-af5c-476f-bb8f-6d7597fb8339', '2025-04-15', 255951, 40.092, 7000, 174.6, true, false, null, 'Normal', '80 RON', null, null);
insert into public.fuel_logs (vehicle_id, logged_at, odometer_km, volume_litres, total_cost_kes, price_per_litre_kes, is_partial, has_additive, additive_name, driving_mode, fuel_grade, station, notes) values ('564278df-af5c-476f-bb8f-6d7597fb8339', '2025-04-07', 255468, 39.66, 7000, 176.5, true, false, null, 'Normal', '80 RON', null, null);
insert into public.fuel_logs (vehicle_id, logged_at, odometer_km, volume_litres, total_cost_kes, price_per_litre_kes, is_partial, has_additive, additive_name, driving_mode, fuel_grade, station, notes) values ('564278df-af5c-476f-bb8f-6d7597fb8339', '2025-03-27', 255040, 42.493, 7500, 176.5, true, false, null, 'Normal', '80 RON', null, null);
insert into public.fuel_logs (vehicle_id, logged_at, odometer_km, volume_litres, total_cost_kes, price_per_litre_kes, is_partial, has_additive, additive_name, driving_mode, fuel_grade, station, notes) values ('564278df-af5c-476f-bb8f-6d7597fb8339', '2025-03-21', 254605, 39.66, 7000, 176.5, true, false, null, 'Normal', '80 RON', null, null);
insert into public.fuel_logs (vehicle_id, logged_at, odometer_km, volume_litres, total_cost_kes, price_per_litre_kes, is_partial, has_additive, additive_name, driving_mode, fuel_grade, station, notes) values ('564278df-af5c-476f-bb8f-6d7597fb8339', '2025-03-18', 254495, 11.331, 2000, 176.5, true, false, null, 'Normal', '80 RON', null, null);
insert into public.fuel_logs (vehicle_id, logged_at, odometer_km, volume_litres, total_cost_kes, price_per_litre_kes, is_partial, has_additive, additive_name, driving_mode, fuel_grade, station, notes) values ('564278df-af5c-476f-bb8f-6d7597fb8339', '2025-03-11', 254040, 42.493, 7500, 176.5, true, false, null, 'Normal', '80 RON', null, null);
insert into public.fuel_logs (vehicle_id, logged_at, odometer_km, volume_litres, total_cost_kes, price_per_litre_kes, is_partial, has_additive, additive_name, driving_mode, fuel_grade, station, notes) values ('564278df-af5c-476f-bb8f-6d7597fb8339', '2025-03-02', 253525, 42.493, 7500, 176.5, true, false, null, 'Normal', '80 RON', null, null);
insert into public.fuel_logs (vehicle_id, logged_at, odometer_km, volume_litres, total_cost_kes, price_per_litre_kes, is_partial, has_additive, additive_name, driving_mode, fuel_grade, station, notes) values ('564278df-af5c-476f-bb8f-6d7597fb8339', '2025-02-24', 253164, 42.493, 7500, 176.5, true, false, null, 'Normal', '80 RON', null, null);
insert into public.fuel_logs (vehicle_id, logged_at, odometer_km, volume_litres, total_cost_kes, price_per_litre_kes, is_partial, has_additive, additive_name, driving_mode, fuel_grade, station, notes) values ('564278df-af5c-476f-bb8f-6d7597fb8339', '2025-02-15', 252624, 42.493, 7500, 176.5, true, false, null, 'Normal', '80 RON', null, null);
insert into public.fuel_logs (vehicle_id, logged_at, odometer_km, volume_litres, total_cost_kes, price_per_litre_kes, is_partial, has_additive, additive_name, driving_mode, fuel_grade, station, notes) values ('564278df-af5c-476f-bb8f-6d7597fb8339', '2025-02-10', 252265, 39.66, 7000, 176.5, true, false, null, 'Normal', '80 RON', null, null);
insert into public.fuel_logs (vehicle_id, logged_at, odometer_km, volume_litres, total_cost_kes, price_per_litre_kes, is_partial, has_additive, additive_name, driving_mode, fuel_grade, station, notes) values ('564278df-af5c-476f-bb8f-6d7597fb8339', '2025-02-05', 251975, 28.329, 5000, 176.5, true, false, null, 'Normal', '80 RON', null, null);
insert into public.fuel_logs (vehicle_id, logged_at, odometer_km, volume_litres, total_cost_kes, price_per_litre_kes, is_partial, has_additive, additive_name, driving_mode, fuel_grade, station, notes) values ('564278df-af5c-476f-bb8f-6d7597fb8339', '2025-02-01', 251748, 28.329, 5000, 176.5, true, false, null, 'Normal', '80 RON', null, null);
insert into public.fuel_logs (vehicle_id, logged_at, odometer_km, volume_litres, total_cost_kes, price_per_litre_kes, is_partial, has_additive, additive_name, driving_mode, fuel_grade, station, notes) values ('564278df-af5c-476f-bb8f-6d7597fb8339', '2025-01-31', 251426, 28.329, 5000, 176.5, true, false, null, 'Normal', '80 RON', null, null);
insert into public.fuel_logs (vehicle_id, logged_at, odometer_km, volume_litres, total_cost_kes, price_per_litre_kes, is_partial, has_additive, additive_name, driving_mode, fuel_grade, station, notes) values ('564278df-af5c-476f-bb8f-6d7597fb8339', '2025-01-28', 251151, 28.281, 5000, 176.8, true, false, null, 'Normal', '80 RON', null, null);
insert into public.fuel_logs (vehicle_id, logged_at, odometer_km, volume_litres, total_cost_kes, price_per_litre_kes, is_partial, has_additive, additive_name, driving_mode, fuel_grade, station, notes) values ('564278df-af5c-476f-bb8f-6d7597fb8339', '2025-01-23', 250805, 28.329, 5000, 176.5, true, false, null, 'Normal', '80 RON', null, null);
insert into public.fuel_logs (vehicle_id, logged_at, odometer_km, volume_litres, total_cost_kes, price_per_litre_kes, is_partial, has_additive, additive_name, driving_mode, fuel_grade, station, notes) values ('564278df-af5c-476f-bb8f-6d7597fb8339', '2025-01-20', 250638, 28.329, 5000, 176.5, true, false, null, 'Normal', '80 RON', null, null);
insert into public.fuel_logs (vehicle_id, logged_at, odometer_km, volume_litres, total_cost_kes, price_per_litre_kes, is_partial, has_additive, additive_name, driving_mode, fuel_grade, station, notes) values ('564278df-af5c-476f-bb8f-6d7597fb8339', '2025-01-16', 250285, 28.329, 5000.0684, 176.5, true, false, null, 'Normal', '80 RON', null, null);
insert into public.fuel_logs (vehicle_id, logged_at, odometer_km, volume_litres, total_cost_kes, price_per_litre_kes, is_partial, has_additive, additive_name, driving_mode, fuel_grade, station, notes) values ('564278df-af5c-476f-bb8f-6d7597fb8339', '2025-01-13', 249960, 28.377, 5000, 176.2, true, false, null, 'Normal', '80 RON', null, null);
insert into public.fuel_logs (vehicle_id, logged_at, odometer_km, volume_litres, total_cost_kes, price_per_litre_kes, is_partial, has_additive, additive_name, driving_mode, fuel_grade, station, notes) values ('564278df-af5c-476f-bb8f-6d7597fb8339', '2025-01-10', 249851, 11.351, 2000, 176.2, true, false, null, 'Normal', '80 RON', null, null);
insert into public.fuel_logs (vehicle_id, logged_at, odometer_km, volume_litres, total_cost_kes, price_per_litre_kes, is_partial, has_additive, additive_name, driving_mode, fuel_grade, station, notes) values ('564278df-af5c-476f-bb8f-6d7597fb8339', '2025-01-08', 249486, 28.137, 5000, 177.7, true, false, null, 'Normal', '80 RON', null, null);
insert into public.fuel_logs (vehicle_id, logged_at, odometer_km, volume_litres, total_cost_kes, price_per_litre_kes, is_partial, has_additive, additive_name, driving_mode, fuel_grade, station, notes) values ('564278df-af5c-476f-bb8f-6d7597fb8339', '2025-01-06', 249211, 28.377, 5000, 176.2, true, false, null, 'Normal', '80 RON', null, null);
insert into public.fuel_logs (vehicle_id, logged_at, odometer_km, volume_litres, total_cost_kes, price_per_litre_kes, is_partial, has_additive, additive_name, driving_mode, fuel_grade, station, notes) values ('564278df-af5c-476f-bb8f-6d7597fb8339', '2024-12-27', 248918, 28.377, 5000, 176.2, true, false, null, 'Normal', '80 RON', null, null);
insert into public.fuel_logs (vehicle_id, logged_at, odometer_km, volume_litres, total_cost_kes, price_per_litre_kes, is_partial, has_additive, additive_name, driving_mode, fuel_grade, station, notes) values ('564278df-af5c-476f-bb8f-6d7597fb8339', '2024-12-23', 248730, 17.026, 3000, 176.2, true, false, null, 'Normal', '80 RON', null, null);
insert into public.fuel_logs (vehicle_id, logged_at, odometer_km, volume_litres, total_cost_kes, price_per_litre_kes, is_partial, has_additive, additive_name, driving_mode, fuel_grade, station, notes) values ('564278df-af5c-476f-bb8f-6d7597fb8339', '2024-12-22', 248647, 11.834, 1999.946, 169, true, false, null, 'Normal', '80 RON', null, null);
insert into public.fuel_logs (vehicle_id, logged_at, odometer_km, volume_litres, total_cost_kes, price_per_litre_kes, is_partial, has_additive, additive_name, driving_mode, fuel_grade, station, notes) values ('564278df-af5c-476f-bb8f-6d7597fb8339', '2024-12-22', 248647, 11.834, 2000, 169, true, false, null, 'Normal', '80 RON', null, null);
insert into public.fuel_logs (vehicle_id, logged_at, odometer_km, volume_litres, total_cost_kes, price_per_litre_kes, is_partial, has_additive, additive_name, driving_mode, fuel_grade, station, notes) values ('564278df-af5c-476f-bb8f-6d7597fb8339', '2024-12-11', 248008, 46.229, 8349, 180.6, false, false, null, 'Normal', '80 RON', null, null);
insert into public.fuel_logs (vehicle_id, logged_at, odometer_km, volume_litres, total_cost_kes, price_per_litre_kes, is_partial, has_additive, additive_name, driving_mode, fuel_grade, station, notes) values ('564278df-af5c-476f-bb8f-6d7597fb8339', '2024-12-09', 247454, 55.279, 10000, 180.9, false, false, null, 'Normal', '80 RON', null, null);
insert into public.fuel_logs (vehicle_id, logged_at, odometer_km, volume_litres, total_cost_kes, price_per_litre_kes, is_partial, has_additive, additive_name, driving_mode, fuel_grade, station, notes) values ('564278df-af5c-476f-bb8f-6d7597fb8339', '2024-12-05', 247204, 27.685, 5000, 180.6, true, false, null, 'Normal', '80 RON', null, null);
insert into public.fuel_logs (vehicle_id, logged_at, odometer_km, volume_litres, total_cost_kes, price_per_litre_kes, is_partial, has_additive, additive_name, driving_mode, fuel_grade, station, notes) values ('564278df-af5c-476f-bb8f-6d7597fb8339', '2024-12-02', 246915, 27.685, 5000, 180.6, true, false, null, 'Normal', '80 RON', null, null);
insert into public.fuel_logs (vehicle_id, logged_at, odometer_km, volume_litres, total_cost_kes, price_per_litre_kes, is_partial, has_additive, additive_name, driving_mode, fuel_grade, station, notes) values ('564278df-af5c-476f-bb8f-6d7597fb8339', '2024-10-29', 246199, 27.685, 5000, 180.6, true, false, null, 'Normal', '80 RON', null, null);
insert into public.fuel_logs (vehicle_id, logged_at, odometer_km, volume_litres, total_cost_kes, price_per_litre_kes, is_partial, has_additive, additive_name, driving_mode, fuel_grade, station, notes) values ('564278df-af5c-476f-bb8f-6d7597fb8339', '2024-10-28', 245928, 27.685, 5000, 180.6, true, false, null, 'Normal', '80 RON', null, null);
insert into public.fuel_logs (vehicle_id, logged_at, odometer_km, volume_litres, total_cost_kes, price_per_litre_kes, is_partial, has_additive, additive_name, driving_mode, fuel_grade, station, notes) values ('564278df-af5c-476f-bb8f-6d7597fb8339', '2024-10-22', 245631, 27.685, 5000, 180.6, true, false, null, 'Normal', '80 RON', null, null);
insert into public.fuel_logs (vehicle_id, logged_at, odometer_km, volume_litres, total_cost_kes, price_per_litre_kes, is_partial, has_additive, additive_name, driving_mode, fuel_grade, station, notes) values ('564278df-af5c-476f-bb8f-6d7597fb8339', '2024-10-16', 245346, 26.483, 5000, 188.8, true, false, null, 'Normal', '80 RON', null, null);
insert into public.fuel_logs (vehicle_id, logged_at, odometer_km, volume_litres, total_cost_kes, price_per_litre_kes, is_partial, has_additive, additive_name, driving_mode, fuel_grade, station, notes) values ('564278df-af5c-476f-bb8f-6d7597fb8339', '2024-10-14', 245074, 26.483, 5000, 188.8, true, false, null, 'Normal', '80 RON', null, null);
insert into public.fuel_logs (vehicle_id, logged_at, odometer_km, volume_litres, total_cost_kes, price_per_litre_kes, is_partial, has_additive, additive_name, driving_mode, fuel_grade, station, notes) values ('564278df-af5c-476f-bb8f-6d7597fb8339', '2024-10-07', 244791, 26.483, 5000, 188.8, true, false, null, 'Normal', '80 RON', null, null);
insert into public.fuel_logs (vehicle_id, logged_at, odometer_km, volume_litres, total_cost_kes, price_per_litre_kes, is_partial, has_additive, additive_name, driving_mode, fuel_grade, station, notes) values ('564278df-af5c-476f-bb8f-6d7597fb8339', '2024-10-03', 244549, 26.483, 5000, 188.8, true, false, null, 'Normal', '80 RON', null, null);
insert into public.fuel_logs (vehicle_id, logged_at, odometer_km, volume_litres, total_cost_kes, price_per_litre_kes, is_partial, has_additive, additive_name, driving_mode, fuel_grade, station, notes) values ('564278df-af5c-476f-bb8f-6d7597fb8339', '2024-09-30', 244283, 26.483, 5000, 188.8, true, false, null, 'Normal', '80 RON', null, null);
insert into public.fuel_logs (vehicle_id, logged_at, odometer_km, volume_litres, total_cost_kes, price_per_litre_kes, is_partial, has_additive, additive_name, driving_mode, fuel_grade, station, notes) values ('564278df-af5c-476f-bb8f-6d7597fb8339', '2024-09-26', 244000, 26.483, 5000, 188.8, true, false, null, 'Normal', '80 RON', null, null);
insert into public.fuel_logs (vehicle_id, logged_at, odometer_km, volume_litres, total_cost_kes, price_per_litre_kes, is_partial, has_additive, additive_name, driving_mode, fuel_grade, station, notes) values ('564278df-af5c-476f-bb8f-6d7597fb8339', '2024-09-23', 243748, 26.483, 5000, 188.8, true, false, null, 'Normal', '80 RON', null, null);
insert into public.fuel_logs (vehicle_id, logged_at, odometer_km, volume_litres, total_cost_kes, price_per_litre_kes, is_partial, has_additive, additive_name, driving_mode, fuel_grade, station, notes) values ('564278df-af5c-476f-bb8f-6d7597fb8339', '2024-09-19', 243471, 26.483, 5000, 188.8, true, false, null, 'Normal', '80 RON', null, null);
insert into public.fuel_logs (vehicle_id, logged_at, odometer_km, volume_litres, total_cost_kes, price_per_litre_kes, is_partial, has_additive, additive_name, driving_mode, fuel_grade, station, notes) values ('564278df-af5c-476f-bb8f-6d7597fb8339', '2024-09-16', 243228, 26.483, 5000, 188.8, true, false, null, 'Normal', '80 RON', null, null);
insert into public.fuel_logs (vehicle_id, logged_at, odometer_km, volume_litres, total_cost_kes, price_per_litre_kes, is_partial, has_additive, additive_name, driving_mode, fuel_grade, station, notes) values ('564278df-af5c-476f-bb8f-6d7597fb8339', '2024-09-11', 242914, 26.483, 4999.99, 188.8, true, false, null, 'Normal', '80 RON', null, null);
insert into public.fuel_logs (vehicle_id, logged_at, odometer_km, volume_litres, total_cost_kes, price_per_litre_kes, is_partial, has_additive, additive_name, driving_mode, fuel_grade, station, notes) values ('564278df-af5c-476f-bb8f-6d7597fb8339', '2024-09-07', 242709, 26.483, 5000, 188.8, true, false, null, 'Normal', '80 RON', null, null);
insert into public.fuel_logs (vehicle_id, logged_at, odometer_km, volume_litres, total_cost_kes, price_per_litre_kes, is_partial, has_additive, additive_name, driving_mode, fuel_grade, station, notes) values ('564278df-af5c-476f-bb8f-6d7597fb8339', '2024-09-04', 242441, 26.483, 5000, 188.8, true, false, null, 'Normal', '80 RON', null, null);
insert into public.fuel_logs (vehicle_id, logged_at, odometer_km, volume_litres, total_cost_kes, price_per_litre_kes, is_partial, has_additive, additive_name, driving_mode, fuel_grade, station, notes) values ('564278df-af5c-476f-bb8f-6d7597fb8339', '2024-08-30', 241820, 35.487, 6700, 188.8, false, false, null, 'Normal', '80 RON', null, null);
insert into public.fuel_logs (vehicle_id, logged_at, odometer_km, volume_litres, total_cost_kes, price_per_litre_kes, is_partial, has_additive, additive_name, driving_mode, fuel_grade, station, notes) values ('564278df-af5c-476f-bb8f-6d7597fb8339', '2024-08-30', 241796, 26.483, 5000, 188.8, true, false, null, 'Normal', '80 RON', null, null);
insert into public.fuel_logs (vehicle_id, logged_at, odometer_km, volume_litres, total_cost_kes, price_per_litre_kes, is_partial, has_additive, additive_name, driving_mode, fuel_grade, station, notes) values ('564278df-af5c-476f-bb8f-6d7597fb8339', '2024-08-29', 241702, 10.593, 2000, 188.8, true, false, null, 'Normal', '80 RON', null, null);
insert into public.fuel_logs (vehicle_id, logged_at, odometer_km, volume_litres, total_cost_kes, price_per_litre_kes, is_partial, has_additive, additive_name, driving_mode, fuel_grade, station, notes) values ('564278df-af5c-476f-bb8f-6d7597fb8339', '2024-08-25', 241436, 26.483, 5000, 188.8, true, false, null, 'Normal', '80 RON', null, null);
insert into public.fuel_logs (vehicle_id, logged_at, odometer_km, volume_litres, total_cost_kes, price_per_litre_kes, is_partial, has_additive, additive_name, driving_mode, fuel_grade, station, notes) values ('564278df-af5c-476f-bb8f-6d7597fb8339', '2024-08-22', 241127, 26.483, 5000, 188.8, true, false, null, 'Normal', '80 RON', null, null);
insert into public.fuel_logs (vehicle_id, logged_at, odometer_km, volume_litres, total_cost_kes, price_per_litre_kes, is_partial, has_additive, additive_name, driving_mode, fuel_grade, station, notes) values ('564278df-af5c-476f-bb8f-6d7597fb8339', '2024-08-17', 240878, 26.483, 5000, 188.8, false, false, null, 'Normal', '80 RON', null, null);
insert into public.fuel_logs (vehicle_id, logged_at, odometer_km, volume_litres, total_cost_kes, price_per_litre_kes, is_partial, has_additive, additive_name, driving_mode, fuel_grade, station, notes) values ('564278df-af5c-476f-bb8f-6d7597fb8339', '2024-08-13', 240554, 26.483, 5000, 188.8, true, false, null, 'Normal', '80 RON', null, null);
insert into public.fuel_logs (vehicle_id, logged_at, odometer_km, volume_litres, total_cost_kes, price_per_litre_kes, is_partial, has_additive, additive_name, driving_mode, fuel_grade, station, notes) values ('564278df-af5c-476f-bb8f-6d7597fb8339', '2024-08-07', 240340, 26.483, 5000, 188.8, true, false, null, 'Normal', '80 RON', null, null);
insert into public.fuel_logs (vehicle_id, logged_at, odometer_km, volume_litres, total_cost_kes, price_per_litre_kes, is_partial, has_additive, additive_name, driving_mode, fuel_grade, station, notes) values ('564278df-af5c-476f-bb8f-6d7597fb8339', '2024-08-01', 239811, 52.938, 9999.988, 188.9, false, false, null, 'Normal', '80 RON', null, null);
insert into public.fuel_logs (vehicle_id, logged_at, odometer_km, volume_litres, total_cost_kes, price_per_litre_kes, is_partial, has_additive, additive_name, driving_mode, fuel_grade, station, notes) values ('564278df-af5c-476f-bb8f-6d7597fb8339', '2024-08-01', 239724, 10.588, 2000.0732, 188.9, true, false, null, 'Normal', '80 RON', null, null);
insert into public.fuel_logs (vehicle_id, logged_at, odometer_km, volume_litres, total_cost_kes, price_per_litre_kes, is_partial, has_additive, additive_name, driving_mode, fuel_grade, station, notes) values ('564278df-af5c-476f-bb8f-6d7597fb8339', '2024-07-26', 239411, 26.483, 4999.99, 188.8, true, false, null, 'Normal', '80 RON', null, null);
insert into public.fuel_logs (vehicle_id, logged_at, odometer_km, volume_litres, total_cost_kes, price_per_litre_kes, is_partial, has_additive, additive_name, driving_mode, fuel_grade, station, notes) values ('564278df-af5c-476f-bb8f-6d7597fb8339', '2024-07-20', 239143, 26.483, 4999.99, 188.8, true, false, null, 'Normal', '80 RON', null, null);
insert into public.fuel_logs (vehicle_id, logged_at, odometer_km, volume_litres, total_cost_kes, price_per_litre_kes, is_partial, has_additive, additive_name, driving_mode, fuel_grade, station, notes) values ('564278df-af5c-476f-bb8f-6d7597fb8339', '2024-07-10', 238576, 52.687, 9999.992, 189.8, false, false, null, 'Normal', '80 RON', null, null);
insert into public.fuel_logs (vehicle_id, logged_at, odometer_km, volume_litres, total_cost_kes, price_per_litre_kes, is_partial, has_additive, additive_name, driving_mode, fuel_grade, station, notes) values ('564278df-af5c-476f-bb8f-6d7597fb8339', '2024-07-03', 238028, 55.292, 10499.951, 189.9, false, false, null, 'Normal', '80 RON', null, null);
insert into public.fuel_logs (vehicle_id, logged_at, odometer_km, volume_litres, total_cost_kes, price_per_litre_kes, is_partial, has_additive, additive_name, driving_mode, fuel_grade, station, notes) values ('564278df-af5c-476f-bb8f-6d7597fb8339', '2024-06-22', 237491, 58.201, 10999.989, 189, false, false, null, 'Normal', '80 RON', null, null);
insert into public.fuel_logs (vehicle_id, logged_at, odometer_km, volume_litres, total_cost_kes, price_per_litre_kes, is_partial, has_additive, additive_name, driving_mode, fuel_grade, station, notes) values ('564278df-af5c-476f-bb8f-6d7597fb8339', '2024-06-11', 236897, 51.99, 10023.672, 192.8, false, false, null, 'Normal', '80 RON', null, null);
insert into public.fuel_logs (vehicle_id, logged_at, odometer_km, volume_litres, total_cost_kes, price_per_litre_kes, is_partial, has_additive, additive_name, driving_mode, fuel_grade, station, notes) values ('564278df-af5c-476f-bb8f-6d7597fb8339', '2024-06-03', 236346, 53.428, 10300.918, 192.8, false, false, null, 'Normal', '80 RON', null, null);
insert into public.fuel_logs (vehicle_id, logged_at, odometer_km, volume_litres, total_cost_kes, price_per_litre_kes, is_partial, has_additive, additive_name, driving_mode, fuel_grade, station, notes) values ('564278df-af5c-476f-bb8f-6d7597fb8339', '2024-06-01', 236297, 10.373, 1999.9144, 192.8, true, false, null, 'Normal', '80 RON', null, null);
insert into public.fuel_logs (vehicle_id, logged_at, odometer_km, volume_litres, total_cost_kes, price_per_litre_kes, is_partial, has_additive, additive_name, driving_mode, fuel_grade, station, notes) values ('564278df-af5c-476f-bb8f-6d7597fb8339', '2024-05-20', 235772, 51.868, 10000.15, 192.8, false, false, null, 'Normal', '80 RON', null, null);
insert into public.fuel_logs (vehicle_id, logged_at, odometer_km, volume_litres, total_cost_kes, price_per_litre_kes, is_partial, has_additive, additive_name, driving_mode, fuel_grade, station, notes) values ('564278df-af5c-476f-bb8f-6d7597fb8339', '2024-05-10', 235072, 15.765, 3000.0796, 190.3, true, false, null, 'Normal', '80 RON', null, null);
insert into public.fuel_logs (vehicle_id, logged_at, odometer_km, volume_litres, total_cost_kes, price_per_litre_kes, is_partial, has_additive, additive_name, driving_mode, fuel_grade, station, notes) values ('564278df-af5c-476f-bb8f-6d7597fb8339', '2024-05-02', 234451, 57.534, 11150.089, 193.8, false, false, null, 'Normal', '80 RON', null, null);
insert into public.fuel_logs (vehicle_id, logged_at, odometer_km, volume_litres, total_cost_kes, price_per_litre_kes, is_partial, has_additive, additive_name, driving_mode, fuel_grade, station, notes) values ('564278df-af5c-476f-bb8f-6d7597fb8339', '2024-04-30', 234375, 10.319, 1999.8221, 193.8, true, false, null, 'Normal', '80 RON', null, null);
insert into public.fuel_logs (vehicle_id, logged_at, odometer_km, volume_litres, total_cost_kes, price_per_litre_kes, is_partial, has_additive, additive_name, driving_mode, fuel_grade, station, notes) values ('564278df-af5c-476f-bb8f-6d7597fb8339', '2024-04-29', 234279, 10.319, 1999.8221, 193.8, true, false, null, 'Normal', '80 RON', null, null);
insert into public.fuel_logs (vehicle_id, logged_at, odometer_km, volume_litres, total_cost_kes, price_per_litre_kes, is_partial, has_additive, additive_name, driving_mode, fuel_grade, station, notes) values ('564278df-af5c-476f-bb8f-6d7597fb8339', '2024-04-24', 234032, 25.801, 5000.234, 193.8, true, false, null, 'Normal', '80 RON', null, null);
insert into public.fuel_logs (vehicle_id, logged_at, odometer_km, volume_litres, total_cost_kes, price_per_litre_kes, is_partial, has_additive, additive_name, driving_mode, fuel_grade, station, notes) values ('564278df-af5c-476f-bb8f-6d7597fb8339', '2024-04-12', 233487, 35.158, 6999.958, 199.1, true, false, null, 'Normal', '80 RON', null, null);
insert into public.fuel_logs (vehicle_id, logged_at, odometer_km, volume_litres, total_cost_kes, price_per_litre_kes, is_partial, has_additive, additive_name, driving_mode, fuel_grade, station, notes) values ('564278df-af5c-476f-bb8f-6d7597fb8339', '2024-04-05', 233158, 56.228, 11194.995, 199.1, false, false, null, 'Normal', '80 RON', null, null);
insert into public.fuel_logs (vehicle_id, logged_at, odometer_km, volume_litres, total_cost_kes, price_per_litre_kes, is_partial, has_additive, additive_name, driving_mode, fuel_grade, station, notes) values ('564278df-af5c-476f-bb8f-6d7597fb8339', '2024-04-04', 232950, 10.045, 1999.9595, 199.1, true, false, null, 'Normal', '80 RON', null, null);
insert into public.fuel_logs (vehicle_id, logged_at, odometer_km, volume_litres, total_cost_kes, price_per_litre_kes, is_partial, has_additive, additive_name, driving_mode, fuel_grade, station, notes) values ('564278df-af5c-476f-bb8f-6d7597fb8339', '2024-04-02', 232856, 10.51, 2000.053, 190.3, true, false, null, 'Normal', '80 RON', null, null);
insert into public.fuel_logs (vehicle_id, logged_at, odometer_km, volume_litres, total_cost_kes, price_per_litre_kes, is_partial, has_additive, additive_name, driving_mode, fuel_grade, station, notes) values ('564278df-af5c-476f-bb8f-6d7597fb8339', '2024-04-01', 232564, 30.136, 6000.0776, 199.1, true, false, null, 'Normal', '80 RON', null, null);
insert into public.fuel_logs (vehicle_id, logged_at, odometer_km, volume_litres, total_cost_kes, price_per_litre_kes, is_partial, has_additive, additive_name, driving_mode, fuel_grade, station, notes) values ('564278df-af5c-476f-bb8f-6d7597fb8339', '2024-03-31', 232441, 10.045, 1999.9595, 199.1, true, false, null, 'Normal', '80 RON', null, null);
insert into public.fuel_logs (vehicle_id, logged_at, odometer_km, volume_litres, total_cost_kes, price_per_litre_kes, is_partial, has_additive, additive_name, driving_mode, fuel_grade, station, notes) values ('564278df-af5c-476f-bb8f-6d7597fb8339', '2024-03-20', 231858, 62.325, 12408.907, 199.1, false, false, null, 'Normal', '80 RON', null, null);
insert into public.fuel_logs (vehicle_id, logged_at, odometer_km, volume_litres, total_cost_kes, price_per_litre_kes, is_partial, has_additive, additive_name, driving_mode, fuel_grade, station, notes) values ('564278df-af5c-476f-bb8f-6d7597fb8339', '2024-03-04', 231280, 53.32, 10999.916, 206.3, false, false, null, 'Normal', '80 RON', null, null);
insert into public.fuel_logs (vehicle_id, logged_at, odometer_km, volume_litres, total_cost_kes, price_per_litre_kes, is_partial, has_additive, additive_name, driving_mode, fuel_grade, station, notes) values ('564278df-af5c-476f-bb8f-6d7597fb8339', '2024-02-27', 230756, 61.527, 12693.0205, 206.3, false, false, null, 'Normal', '80 RON', null, null);
insert into public.fuel_logs (vehicle_id, logged_at, odometer_km, volume_litres, total_cost_kes, price_per_litre_kes, is_partial, has_additive, additive_name, driving_mode, fuel_grade, station, notes) values ('564278df-af5c-476f-bb8f-6d7597fb8339', '2024-02-14', 230181, 32.32, 6699.936, 207.3, false, false, null, 'Normal', '80 RON', null, null);
insert into public.fuel_logs (vehicle_id, logged_at, odometer_km, volume_litres, total_cost_kes, price_per_litre_kes, is_partial, has_additive, additive_name, driving_mode, fuel_grade, station, notes) values ('564278df-af5c-476f-bb8f-6d7597fb8339', '2024-02-14', 230143, 24.12, 5000.076, 207.3, true, false, null, 'Normal', '80 RON', null, null);
insert into public.fuel_logs (vehicle_id, logged_at, odometer_km, volume_litres, total_cost_kes, price_per_litre_kes, is_partial, has_additive, additive_name, driving_mode, fuel_grade, station, notes) values ('564278df-af5c-476f-bb8f-6d7597fb8339', '2024-02-04', 229609, 59.21, 12274.233, 207.3, false, false, null, 'Normal', '80 RON', null, null);
insert into public.fuel_logs (vehicle_id, logged_at, odometer_km, volume_litres, total_cost_kes, price_per_litre_kes, is_partial, has_additive, additive_name, driving_mode, fuel_grade, station, notes) values ('564278df-af5c-476f-bb8f-6d7597fb8339', '2024-01-24', 229001, 57.887, 11999.976, 207.3, false, false, null, 'Normal', '80 RON', null, null);
insert into public.fuel_logs (vehicle_id, logged_at, odometer_km, volume_litres, total_cost_kes, price_per_litre_kes, is_partial, has_additive, additive_name, driving_mode, fuel_grade, station, notes) values ('564278df-af5c-476f-bb8f-6d7597fb8339', '2024-01-23', 228919, 9.648, 2000.0304, 207.3, true, false, null, 'Normal', '80 RON', null, null);
insert into public.fuel_logs (vehicle_id, logged_at, odometer_km, volume_litres, total_cost_kes, price_per_litre_kes, is_partial, has_additive, additive_name, driving_mode, fuel_grade, station, notes) values ('564278df-af5c-476f-bb8f-6d7597fb8339', '2024-01-20', 228813, 9.648, 2000.0304, 207.3, true, false, null, 'Normal', '80 RON', null, null);
insert into public.fuel_logs (vehicle_id, logged_at, odometer_km, volume_litres, total_cost_kes, price_per_litre_kes, is_partial, has_additive, additive_name, driving_mode, fuel_grade, station, notes) values ('564278df-af5c-476f-bb8f-6d7597fb8339', '2024-01-19', 228768, 4.824, 1000.0152, 207.3, true, false, null, 'Normal', '80 RON', null, null);
insert into public.fuel_logs (vehicle_id, logged_at, odometer_km, volume_litres, total_cost_kes, price_per_litre_kes, is_partial, has_additive, additive_name, driving_mode, fuel_grade, station, notes) values ('564278df-af5c-476f-bb8f-6d7597fb8339', '2024-01-18', 228508, 19.767, 4000.05, 202.36, true, false, null, 'Normal', '80 RON', null, null);
insert into public.fuel_logs (vehicle_id, logged_at, odometer_km, volume_litres, total_cost_kes, price_per_litre_kes, is_partial, has_additive, additive_name, driving_mode, fuel_grade, station, notes) values ('564278df-af5c-476f-bb8f-6d7597fb8339', '2024-01-17', 228341, 19.296, 4000.0608, 207.3, true, false, null, 'Normal', '80 RON', null, null);
insert into public.fuel_logs (vehicle_id, logged_at, odometer_km, volume_litres, total_cost_kes, price_per_litre_kes, is_partial, has_additive, additive_name, driving_mode, fuel_grade, station, notes) values ('564278df-af5c-476f-bb8f-6d7597fb8339', '2024-01-12', 227750, 58.879, 12504.486, 212.376, false, false, null, 'Normal', '80 RON', null, null);
insert into public.fuel_logs (vehicle_id, logged_at, odometer_km, volume_litres, total_cost_kes, price_per_litre_kes, is_partial, has_additive, additive_name, driving_mode, fuel_grade, station, notes) values ('564278df-af5c-476f-bb8f-6d7597fb8339', '2024-01-05', 227191, 61.28, 13009.744, 212.3, false, false, null, 'Normal', '80 RON', null, null);
insert into public.fuel_logs (vehicle_id, logged_at, odometer_km, volume_litres, total_cost_kes, price_per_litre_kes, is_partial, has_additive, additive_name, driving_mode, fuel_grade, station, notes) values ('564278df-af5c-476f-bb8f-6d7597fb8339', '2023-12-29', 226555, 60.297, 12801.053, 212.3, false, false, null, 'Normal', '80 RON', null, null);
insert into public.fuel_logs (vehicle_id, logged_at, odometer_km, volume_litres, total_cost_kes, price_per_litre_kes, is_partial, has_additive, additive_name, driving_mode, fuel_grade, station, notes) values ('564278df-af5c-476f-bb8f-6d7597fb8339', '2023-12-09', 225486, 32.214, 7000.102, 217.3, true, false, null, 'Normal', '80 RON', null, null);
insert into public.fuel_logs (vehicle_id, logged_at, odometer_km, volume_litres, total_cost_kes, price_per_litre_kes, is_partial, has_additive, additive_name, driving_mode, fuel_grade, station, notes) values ('564278df-af5c-476f-bb8f-6d7597fb8339', '2023-12-05', 225105, 18.399, 3999.9426, 217.4, true, false, null, 'Normal', '80 RON', null, null);
insert into public.fuel_logs (vehicle_id, logged_at, odometer_km, volume_litres, total_cost_kes, price_per_litre_kes, is_partial, has_additive, additive_name, driving_mode, fuel_grade, station, notes) values ('564278df-af5c-476f-bb8f-6d7597fb8339', '2023-12-03', 224964, 13.806, 3000.0437, 217.3, true, false, null, 'Normal', '80 RON', null, null);
insert into public.fuel_logs (vehicle_id, logged_at, odometer_km, volume_litres, total_cost_kes, price_per_litre_kes, is_partial, has_additive, additive_name, driving_mode, fuel_grade, station, notes) values ('564278df-af5c-476f-bb8f-6d7597fb8339', '2023-11-27', 224641, 34.514, 7499.892, 217.3, true, false, null, 'Normal', '80 RON', null, null);
insert into public.fuel_logs (vehicle_id, logged_at, odometer_km, volume_litres, total_cost_kes, price_per_litre_kes, is_partial, has_additive, additive_name, driving_mode, fuel_grade, station, notes) values ('564278df-af5c-476f-bb8f-6d7597fb8339', '2023-11-21', 224336, 13.806, 3000.0437, 217.3, true, false, null, 'Normal', '80 RON', null, null);
insert into public.fuel_logs (vehicle_id, logged_at, odometer_km, volume_litres, total_cost_kes, price_per_litre_kes, is_partial, has_additive, additive_name, driving_mode, fuel_grade, station, notes) values ('564278df-af5c-476f-bb8f-6d7597fb8339', '2023-11-18', 224214, 13.805, 2999.8264, 217.3, true, false, null, 'Normal', '80 RON', null, null);
insert into public.fuel_logs (vehicle_id, logged_at, odometer_km, volume_litres, total_cost_kes, price_per_litre_kes, is_partial, has_additive, additive_name, driving_mode, fuel_grade, station, notes) values ('564278df-af5c-476f-bb8f-6d7597fb8339', '2023-11-13', 224073, 13.806, 3000.0437, 217.3, true, false, null, 'Normal', '80 RON', null, null);
insert into public.fuel_logs (vehicle_id, logged_at, odometer_km, volume_litres, total_cost_kes, price_per_litre_kes, is_partial, has_additive, additive_name, driving_mode, fuel_grade, station, notes) values ('564278df-af5c-476f-bb8f-6d7597fb8339', '2023-11-04', 223925, 13.806, 3000.0437, 217.3, true, false, null, 'Normal', '80 RON', null, null);
insert into public.fuel_logs (vehicle_id, logged_at, odometer_km, volume_litres, total_cost_kes, price_per_litre_kes, is_partial, has_additive, additive_name, driving_mode, fuel_grade, station, notes) values ('564278df-af5c-476f-bb8f-6d7597fb8339', '2023-11-01', 223697, 13.806, 3000.0437, 217.3, true, false, null, 'Normal', '80 RON', null, null);
insert into public.fuel_logs (vehicle_id, logged_at, odometer_km, volume_litres, total_cost_kes, price_per_litre_kes, is_partial, has_additive, additive_name, driving_mode, fuel_grade, station, notes) values ('564278df-af5c-476f-bb8f-6d7597fb8339', '2023-10-29', 223543, 13.806, 3000.0437, 217.3, true, false, null, 'Normal', '80 RON', null, null);
insert into public.fuel_logs (vehicle_id, logged_at, odometer_km, volume_litres, total_cost_kes, price_per_litre_kes, is_partial, has_additive, additive_name, driving_mode, fuel_grade, station, notes) values ('564278df-af5c-476f-bb8f-6d7597fb8339', '2023-10-27', 223442, 13.806, 3000.0437, 217.3, true, false, null, 'Normal', '80 RON', null, null);
insert into public.fuel_logs (vehicle_id, logged_at, odometer_km, volume_litres, total_cost_kes, price_per_litre_kes, is_partial, has_additive, additive_name, driving_mode, fuel_grade, station, notes) values ('564278df-af5c-476f-bb8f-6d7597fb8339', '2023-10-25', 223278, 13.806, 3000.0437, 217.3, true, false, null, 'Normal', '80 RON', null, null);
insert into public.fuel_logs (vehicle_id, logged_at, odometer_km, volume_litres, total_cost_kes, price_per_litre_kes, is_partial, has_additive, additive_name, driving_mode, fuel_grade, station, notes) values ('564278df-af5c-476f-bb8f-6d7597fb8339', '2023-10-19', 222742, 35.435, 7700.0254, 217.3, false, false, null, 'Normal', '80 RON', null, null);
insert into public.fuel_logs (vehicle_id, logged_at, odometer_km, volume_litres, total_cost_kes, price_per_litre_kes, is_partial, has_additive, additive_name, driving_mode, fuel_grade, station, notes) values ('564278df-af5c-476f-bb8f-6d7597fb8339', '2023-10-14', 222363, 56.7, 11999.988, 211.64, false, false, null, 'Normal', '80 RON', null, null);
insert into public.fuel_logs (vehicle_id, logged_at, odometer_km, volume_litres, total_cost_kes, price_per_litre_kes, is_partial, has_additive, additive_name, driving_mode, fuel_grade, station, notes) values ('564278df-af5c-476f-bb8f-6d7597fb8339', '2023-10-12', 222218, 14.178, 3000.0647, 211.6, true, false, null, 'Normal', '80 RON', null, null);
insert into public.fuel_logs (vehicle_id, logged_at, odometer_km, volume_litres, total_cost_kes, price_per_litre_kes, is_partial, has_additive, additive_name, driving_mode, fuel_grade, station, notes) values ('564278df-af5c-476f-bb8f-6d7597fb8339', '2023-10-10', 222059, 14.218, 3008.5288, 211.6, true, false, null, 'Normal', '80 RON', null, null);
insert into public.fuel_logs (vehicle_id, logged_at, odometer_km, volume_litres, total_cost_kes, price_per_litre_kes, is_partial, has_additive, additive_name, driving_mode, fuel_grade, station, notes) values ('564278df-af5c-476f-bb8f-6d7597fb8339', '2023-10-08', 221979, 9.45, 1999.998, 211.64, true, false, null, 'Normal', '80 RON', null, null);
insert into public.fuel_logs (vehicle_id, logged_at, odometer_km, volume_litres, total_cost_kes, price_per_litre_kes, is_partial, has_additive, additive_name, driving_mode, fuel_grade, station, notes) values ('564278df-af5c-476f-bb8f-6d7597fb8339', '2023-10-03', 221767, 14.178, 3000.0647, 211.6, true, false, null, 'Normal', '80 RON', null, null);
insert into public.fuel_logs (vehicle_id, logged_at, odometer_km, volume_litres, total_cost_kes, price_per_litre_kes, is_partial, has_additive, additive_name, driving_mode, fuel_grade, station, notes) values ('564278df-af5c-476f-bb8f-6d7597fb8339', '2023-10-02', 221646, 14.178, 3000.0647, 211.6, true, false, null, 'Normal', '80 RON', null, null);
insert into public.fuel_logs (vehicle_id, logged_at, odometer_km, volume_litres, total_cost_kes, price_per_litre_kes, is_partial, has_additive, additive_name, driving_mode, fuel_grade, station, notes) values ('564278df-af5c-476f-bb8f-6d7597fb8339', '2023-09-29', 221512, 14.178, 3000.0647, 211.6, true, false, null, 'Normal', '80 RON', null, null);
insert into public.fuel_logs (vehicle_id, logged_at, odometer_km, volume_litres, total_cost_kes, price_per_litre_kes, is_partial, has_additive, additive_name, driving_mode, fuel_grade, station, notes) values ('564278df-af5c-476f-bb8f-6d7597fb8339', '2023-09-27', 221377, 14.178, 3000.0647, 211.6, true, false, null, 'Normal', '80 RON', null, null);
insert into public.fuel_logs (vehicle_id, logged_at, odometer_km, volume_litres, total_cost_kes, price_per_litre_kes, is_partial, has_additive, additive_name, driving_mode, fuel_grade, station, notes) values ('564278df-af5c-476f-bb8f-6d7597fb8339', '2023-09-20', 220801, 60.019, 12700.0205, 211.6, false, false, null, 'Normal', '80 RON', null, null);
insert into public.fuel_logs (vehicle_id, logged_at, odometer_km, volume_litres, total_cost_kes, price_per_litre_kes, is_partial, has_additive, additive_name, driving_mode, fuel_grade, station, notes) values ('564278df-af5c-476f-bb8f-6d7597fb8339', '2023-09-18', 220590, 14.178, 3000.0647, 211.6, true, false, null, 'Normal', '80 RON', null, null);
insert into public.fuel_logs (vehicle_id, logged_at, odometer_km, volume_litres, total_cost_kes, price_per_litre_kes, is_partial, has_additive, additive_name, driving_mode, fuel_grade, station, notes) values ('564278df-af5c-476f-bb8f-6d7597fb8339', '2023-09-12', 220339, 46.249, 9000.056, 194.6, true, false, null, 'Normal', '80 RON', null, null);
insert into public.fuel_logs (vehicle_id, logged_at, odometer_km, volume_litres, total_cost_kes, price_per_litre_kes, is_partial, has_additive, additive_name, driving_mode, fuel_grade, station, notes) values ('564278df-af5c-476f-bb8f-6d7597fb8339', '2023-09-08', 219893, 25.694, 5000.0522, 194.6, true, false, null, 'Normal', '80 RON', null, null);
insert into public.fuel_logs (vehicle_id, logged_at, odometer_km, volume_litres, total_cost_kes, price_per_litre_kes, is_partial, has_additive, additive_name, driving_mode, fuel_grade, station, notes) values ('564278df-af5c-476f-bb8f-6d7597fb8339', '2023-09-03', 219568, 25.694, 5000.0522, 194.6, true, false, null, 'Normal', '80 RON', null, null);
insert into public.fuel_logs (vehicle_id, logged_at, odometer_km, volume_litres, total_cost_kes, price_per_litre_kes, is_partial, has_additive, additive_name, driving_mode, fuel_grade, station, notes) values ('564278df-af5c-476f-bb8f-6d7597fb8339', '2023-08-30', 219310, 25.694, 5000.0522, 194.6, true, false, null, 'Normal', '80 RON', null, null);
insert into public.fuel_logs (vehicle_id, logged_at, odometer_km, volume_litres, total_cost_kes, price_per_litre_kes, is_partial, has_additive, additive_name, driving_mode, fuel_grade, station, notes) values ('564278df-af5c-476f-bb8f-6d7597fb8339', '2023-08-28', 218985, 25.695, 5000.247, 194.6, true, false, null, 'Normal', '80 RON', null, null);
insert into public.fuel_logs (vehicle_id, logged_at, odometer_km, volume_litres, total_cost_kes, price_per_litre_kes, is_partial, has_additive, additive_name, driving_mode, fuel_grade, station, notes) values ('564278df-af5c-476f-bb8f-6d7597fb8339', '2023-08-17', 218759, 25.683, 4999.9663, 194.68, true, false, null, 'Normal', '80 RON', null, null);
insert into public.fuel_logs (vehicle_id, logged_at, odometer_km, volume_litres, total_cost_kes, price_per_litre_kes, is_partial, has_additive, additive_name, driving_mode, fuel_grade, station, notes) values ('564278df-af5c-476f-bb8f-6d7597fb8339', '2023-08-13', 218447, 25.694, 5000.0522, 194.6, true, false, null, 'Normal', '80 RON', null, null);
insert into public.fuel_logs (vehicle_id, logged_at, odometer_km, volume_litres, total_cost_kes, price_per_litre_kes, is_partial, has_additive, additive_name, driving_mode, fuel_grade, station, notes) values ('564278df-af5c-476f-bb8f-6d7597fb8339', '2023-08-08', 218202, 25.695, 5000.247, 194.6, true, false, null, 'Normal', '80 RON', null, null);
insert into public.fuel_logs (vehicle_id, logged_at, odometer_km, volume_litres, total_cost_kes, price_per_litre_kes, is_partial, has_additive, additive_name, driving_mode, fuel_grade, station, notes) values ('564278df-af5c-476f-bb8f-6d7597fb8339', '2023-08-04', 217958, 25.694, 5000.0522, 194.6, true, false, null, 'Normal', '80 RON', null, null);
insert into public.fuel_logs (vehicle_id, logged_at, odometer_km, volume_litres, total_cost_kes, price_per_litre_kes, is_partial, has_additive, additive_name, driving_mode, fuel_grade, station, notes) values ('564278df-af5c-476f-bb8f-6d7597fb8339', '2023-07-30', 217681, 25.694, 5000.0522, 194.6, true, false, null, 'Normal', '80 RON', null, null);
insert into public.fuel_logs (vehicle_id, logged_at, odometer_km, volume_litres, total_cost_kes, price_per_litre_kes, is_partial, has_additive, additive_name, driving_mode, fuel_grade, station, notes) values ('564278df-af5c-476f-bb8f-6d7597fb8339', '2023-07-27', 217416, 25.694, 5000.0522, 194.6, true, false, null, 'Normal', '80 RON', null, null);
insert into public.fuel_logs (vehicle_id, logged_at, odometer_km, volume_litres, total_cost_kes, price_per_litre_kes, is_partial, has_additive, additive_name, driving_mode, fuel_grade, station, notes) values ('564278df-af5c-476f-bb8f-6d7597fb8339', '2023-07-24', 217160, 25.694, 5000.0522, 194.6, true, false, null, 'Normal', '80 RON', null, null);
insert into public.fuel_logs (vehicle_id, logged_at, odometer_km, volume_litres, total_cost_kes, price_per_litre_kes, is_partial, has_additive, additive_name, driving_mode, fuel_grade, station, notes) values ('564278df-af5c-476f-bb8f-6d7597fb8339', '2023-07-18', 216886, 25.694, 5000.0522, 194.6, true, false, null, 'Normal', '80 RON', null, null);
insert into public.fuel_logs (vehicle_id, logged_at, odometer_km, volume_litres, total_cost_kes, price_per_litre_kes, is_partial, has_additive, additive_name, driving_mode, fuel_grade, station, notes) values ('564278df-af5c-476f-bb8f-6d7597fb8339', '2023-07-13', 216579, 25.575, 4999.9126, 195.5, true, false, null, 'Normal', '80 RON', null, null);
insert into public.fuel_logs (vehicle_id, logged_at, odometer_km, volume_litres, total_cost_kes, price_per_litre_kes, is_partial, has_additive, additive_name, driving_mode, fuel_grade, station, notes) values ('564278df-af5c-476f-bb8f-6d7597fb8339', '2023-07-06', 216047, 58.87, 11509.085, 195.5, false, false, null, 'Normal', '80 RON', null, null);
insert into public.fuel_logs (vehicle_id, logged_at, odometer_km, volume_litres, total_cost_kes, price_per_litre_kes, is_partial, has_additive, additive_name, driving_mode, fuel_grade, station, notes) values ('564278df-af5c-476f-bb8f-6d7597fb8339', '2023-07-01', 215403, 40.921, 8000.0557, 195.5, false, false, null, 'Normal', '80 RON', null, null);
insert into public.fuel_logs (vehicle_id, logged_at, odometer_km, volume_litres, total_cost_kes, price_per_litre_kes, is_partial, has_additive, additive_name, driving_mode, fuel_grade, station, notes) values ('564278df-af5c-476f-bb8f-6d7597fb8339', '2023-06-29', 215289, 27.473, 5000.086, 182, true, false, null, 'Normal', '80 RON', null, null);
insert into public.fuel_logs (vehicle_id, logged_at, odometer_km, volume_litres, total_cost_kes, price_per_litre_kes, is_partial, has_additive, additive_name, driving_mode, fuel_grade, station, notes) values ('564278df-af5c-476f-bb8f-6d7597fb8339', '2023-06-25', 214758, 27.475, 5000.45, 182, true, false, null, 'Normal', '80 RON', null, null);
insert into public.fuel_logs (vehicle_id, logged_at, odometer_km, volume_litres, total_cost_kes, price_per_litre_kes, is_partial, has_additive, additive_name, driving_mode, fuel_grade, station, notes) values ('564278df-af5c-476f-bb8f-6d7597fb8339', '2023-06-22', 214589, 16.484, 3000.088, 182, true, false, null, 'Normal', '80 RON', null, null);
insert into public.fuel_logs (vehicle_id, logged_at, odometer_km, volume_litres, total_cost_kes, price_per_litre_kes, is_partial, has_additive, additive_name, driving_mode, fuel_grade, station, notes) values ('564278df-af5c-476f-bb8f-6d7597fb8339', '2023-06-20', 214319, 27.473, 5000.086, 182, true, false, null, 'Normal', '80 RON', null, null);
insert into public.fuel_logs (vehicle_id, logged_at, odometer_km, volume_litres, total_cost_kes, price_per_litre_kes, is_partial, has_additive, additive_name, driving_mode, fuel_grade, station, notes) values ('564278df-af5c-476f-bb8f-6d7597fb8339', '2023-06-16', 214032, 27.473, 5000.086, 182, true, false, null, 'Normal', '80 RON', null, null);
insert into public.fuel_logs (vehicle_id, logged_at, odometer_km, volume_litres, total_cost_kes, price_per_litre_kes, is_partial, has_additive, additive_name, driving_mode, fuel_grade, station, notes) values ('564278df-af5c-476f-bb8f-6d7597fb8339', '2023-06-12', 213408, 60.208, 11000.002, 182.7, false, false, null, 'Normal', '80 RON', null, null);
insert into public.fuel_logs (vehicle_id, logged_at, odometer_km, volume_litres, total_cost_kes, price_per_litre_kes, is_partial, has_additive, additive_name, driving_mode, fuel_grade, station, notes) values ('564278df-af5c-476f-bb8f-6d7597fb8339', '2023-06-07', 212803, 57.471, 10499.952, 182.7, false, false, null, 'Normal', '80 RON', null, null);
insert into public.fuel_logs (vehicle_id, logged_at, odometer_km, volume_litres, total_cost_kes, price_per_litre_kes, is_partial, has_additive, additive_name, driving_mode, fuel_grade, station, notes) values ('564278df-af5c-476f-bb8f-6d7597fb8339', '2023-05-31', 212168, 32.842, 6000.2334, 182.7, true, false, null, 'Normal', '80 RON', null, null);
insert into public.fuel_logs (vehicle_id, logged_at, odometer_km, volume_litres, total_cost_kes, price_per_litre_kes, is_partial, has_additive, additive_name, driving_mode, fuel_grade, station, notes) values ('564278df-af5c-476f-bb8f-6d7597fb8339', '2023-05-26', 211923, 22.716, 4150.2134, 182.7, true, false, null, 'Normal', '80 RON', null, null);
insert into public.fuel_logs (vehicle_id, logged_at, odometer_km, volume_litres, total_cost_kes, price_per_litre_kes, is_partial, has_additive, additive_name, driving_mode, fuel_grade, station, notes) values ('564278df-af5c-476f-bb8f-6d7597fb8339', '2023-05-25', 211758, 54.733, 9999.719, 182.7, false, false, null, 'Normal', '80 RON', null, null);
insert into public.fuel_logs (vehicle_id, logged_at, odometer_km, volume_litres, total_cost_kes, price_per_litre_kes, is_partial, has_additive, additive_name, driving_mode, fuel_grade, station, notes) values ('564278df-af5c-476f-bb8f-6d7597fb8339', '2023-05-18', 211487, 27.367, 4999.9507, 182.7, true, false, null, 'Normal', '80 RON', null, null);
insert into public.fuel_logs (vehicle_id, logged_at, odometer_km, volume_litres, total_cost_kes, price_per_litre_kes, is_partial, has_additive, additive_name, driving_mode, fuel_grade, station, notes) values ('564278df-af5c-476f-bb8f-6d7597fb8339', '2023-05-16', 211340, 8.21, 1499.967, 182.7, true, false, null, 'Normal', '80 RON', null, null);
insert into public.fuel_logs (vehicle_id, logged_at, odometer_km, volume_litres, total_cost_kes, price_per_litre_kes, is_partial, has_additive, additive_name, driving_mode, fuel_grade, station, notes) values ('564278df-af5c-476f-bb8f-6d7597fb8339', '2023-05-09', 210814, 56.888, 10200.019, 179.3, false, false, null, 'Normal', '80 RON', null, null);
insert into public.fuel_logs (vehicle_id, logged_at, odometer_km, volume_litres, total_cost_kes, price_per_litre_kes, is_partial, has_additive, additive_name, driving_mode, fuel_grade, station, notes) values ('564278df-af5c-476f-bb8f-6d7597fb8339', '2023-04-28', 210254, 40.714, 7300.02, 179.3, false, false, null, 'Normal', '80 RON', null, 'VPower');
insert into public.fuel_logs (vehicle_id, logged_at, odometer_km, volume_litres, total_cost_kes, price_per_litre_kes, is_partial, has_additive, additive_name, driving_mode, fuel_grade, station, notes) values ('564278df-af5c-476f-bb8f-6d7597fb8339', '2023-04-27', 210169, 27.886, 4999.96, 179.3, true, false, null, 'Normal', '80 RON', null, null);
insert into public.fuel_logs (vehicle_id, logged_at, odometer_km, volume_litres, total_cost_kes, price_per_litre_kes, is_partial, has_additive, additive_name, driving_mode, fuel_grade, station, notes) values ('564278df-af5c-476f-bb8f-6d7597fb8339', '2023-04-21', 209895, 27.886, 4999.96, 179.3, true, false, null, 'Normal', '80 RON', null, null);
insert into public.fuel_logs (vehicle_id, logged_at, odometer_km, volume_litres, total_cost_kes, price_per_litre_kes, is_partial, has_additive, additive_name, driving_mode, fuel_grade, station, notes) values ('564278df-af5c-476f-bb8f-6d7597fb8339', '2023-04-20', 209805, 11.154, 1999.9122, 179.3, true, false, null, 'Normal', '80 RON', null, null);
insert into public.fuel_logs (vehicle_id, logged_at, odometer_km, volume_litres, total_cost_kes, price_per_litre_kes, is_partial, has_additive, additive_name, driving_mode, fuel_grade, station, notes) values ('564278df-af5c-476f-bb8f-6d7597fb8339', '2023-04-16', 209526, 27.886, 4999.96, 179.3, true, false, null, 'Normal', '80 RON', null, null);
insert into public.fuel_logs (vehicle_id, logged_at, odometer_km, volume_litres, total_cost_kes, price_per_litre_kes, is_partial, has_additive, additive_name, driving_mode, fuel_grade, station, notes) values ('564278df-af5c-476f-bb8f-6d7597fb8339', '2023-04-06', 208944, 61.35, 11000.055, 179.3, false, false, null, 'Normal', '80 RON', null, null);
insert into public.fuel_logs (vehicle_id, logged_at, odometer_km, volume_litres, total_cost_kes, price_per_litre_kes, is_partial, has_additive, additive_name, driving_mode, fuel_grade, station, notes) values ('564278df-af5c-476f-bb8f-6d7597fb8339', '2023-03-27', 208362, 61.35, 11000.055, 179.3, false, false, null, 'Normal', '80 RON', null, null);
insert into public.fuel_logs (vehicle_id, logged_at, odometer_km, volume_litres, total_cost_kes, price_per_litre_kes, is_partial, has_additive, additive_name, driving_mode, fuel_grade, station, notes) values ('564278df-af5c-476f-bb8f-6d7597fb8339', '2023-03-24', 208190, 16.732, 3000.0476, 179.3, true, false, null, 'Normal', '80 RON', null, null);
insert into public.fuel_logs (vehicle_id, logged_at, odometer_km, volume_litres, total_cost_kes, price_per_litre_kes, is_partial, has_additive, additive_name, driving_mode, fuel_grade, station, notes) values ('564278df-af5c-476f-bb8f-6d7597fb8339', '2023-03-16', 207621, 57.446, 10300.067, 179.3, false, false, null, 'Normal', '80 RON', null, null);
insert into public.fuel_logs (vehicle_id, logged_at, odometer_km, volume_litres, total_cost_kes, price_per_litre_kes, is_partial, has_additive, additive_name, driving_mode, fuel_grade, station, notes) values ('564278df-af5c-476f-bb8f-6d7597fb8339', '2023-03-08', 207040, 28.201, 5000.037, 177.3, false, false, null, 'Normal', '80 RON', null, null);
insert into public.fuel_logs (vehicle_id, logged_at, odometer_km, volume_litres, total_cost_kes, price_per_litre_kes, is_partial, has_additive, additive_name, driving_mode, fuel_grade, station, notes) values ('564278df-af5c-476f-bb8f-6d7597fb8339', '2023-03-03', 206756, 56.966, 10214.004, 179.3, false, false, null, 'Normal', '80 RON', null, null);
insert into public.fuel_logs (vehicle_id, logged_at, odometer_km, volume_litres, total_cost_kes, price_per_litre_kes, is_partial, has_additive, additive_name, driving_mode, fuel_grade, station, notes) values ('564278df-af5c-476f-bb8f-6d7597fb8339', '2023-03-01', 206585, 16.92, 2999.916, 177.3, true, false, null, 'Normal', '80 RON', null, null);
insert into public.fuel_logs (vehicle_id, logged_at, odometer_km, volume_litres, total_cost_kes, price_per_litre_kes, is_partial, has_additive, additive_name, driving_mode, fuel_grade, station, notes) values ('564278df-af5c-476f-bb8f-6d7597fb8339', '2023-02-27', 206432, 16.92, 2999.916, 177.3, true, false, null, 'Normal', '80 RON', null, null);
insert into public.fuel_logs (vehicle_id, logged_at, odometer_km, volume_litres, total_cost_kes, price_per_litre_kes, is_partial, has_additive, additive_name, driving_mode, fuel_grade, station, notes) values ('564278df-af5c-476f-bb8f-6d7597fb8339', '2023-02-25', 206256, 16.92, 2999.916, 177.3, true, false, null, 'Normal', '80 RON', null, null);
insert into public.fuel_logs (vehicle_id, logged_at, odometer_km, volume_litres, total_cost_kes, price_per_litre_kes, is_partial, has_additive, additive_name, driving_mode, fuel_grade, station, notes) values ('564278df-af5c-476f-bb8f-6d7597fb8339', '2023-02-19', 205746, 49.069, 8699.934, 177.3, false, false, null, 'Normal', '80 RON', null, null);
insert into public.fuel_logs (vehicle_id, logged_at, odometer_km, volume_litres, total_cost_kes, price_per_litre_kes, is_partial, has_additive, additive_name, driving_mode, fuel_grade, station, notes) values ('564278df-af5c-476f-bb8f-6d7597fb8339', '2023-02-10', 205143, 59.222, 10500.061, 177.3, false, false, null, 'Normal', '80 RON', null, null);
insert into public.fuel_logs (vehicle_id, logged_at, odometer_km, volume_litres, total_cost_kes, price_per_litre_kes, is_partial, has_additive, additive_name, driving_mode, fuel_grade, station, notes) values ('564278df-af5c-476f-bb8f-6d7597fb8339', '2023-01-12', 205004, 16.92, 2999.916, 177.3, true, false, null, 'Normal', '80 RON', null, null);
insert into public.fuel_logs (vehicle_id, logged_at, odometer_km, volume_litres, total_cost_kes, price_per_litre_kes, is_partial, has_additive, additive_name, driving_mode, fuel_grade, station, notes) values ('564278df-af5c-476f-bb8f-6d7597fb8339', '2023-01-04', 204370, 58.658, 10400.063, 177.3, false, false, null, 'Normal', '80 RON', null, null);
insert into public.fuel_logs (vehicle_id, logged_at, odometer_km, volume_litres, total_cost_kes, price_per_litre_kes, is_partial, has_additive, additive_name, driving_mode, fuel_grade, station, notes) values ('564278df-af5c-476f-bb8f-6d7597fb8339', '2023-01-02', 204207, 16.92, 2999.916, 177.3, true, false, null, 'Normal', '80 RON', null, null);
insert into public.fuel_logs (vehicle_id, logged_at, odometer_km, volume_litres, total_cost_kes, price_per_litre_kes, is_partial, has_additive, additive_name, driving_mode, fuel_grade, station, notes) values ('564278df-af5c-476f-bb8f-6d7597fb8339', '2022-12-31', 204110, 11.28, 1999.944, 177.3, true, false, null, 'Normal', '80 RON', null, null);
insert into public.fuel_logs (vehicle_id, logged_at, odometer_km, volume_litres, total_cost_kes, price_per_litre_kes, is_partial, has_additive, additive_name, driving_mode, fuel_grade, station, notes) values ('564278df-af5c-476f-bb8f-6d7597fb8339', '2022-12-29', 203884, 16.92, 2999.916, 177.3, true, false, null, 'Normal', '80 RON', null, null);
insert into public.fuel_logs (vehicle_id, logged_at, odometer_km, volume_litres, total_cost_kes, price_per_litre_kes, is_partial, has_additive, additive_name, driving_mode, fuel_grade, station, notes) values ('564278df-af5c-476f-bb8f-6d7597fb8339', '2022-12-25', 203734, 16.92, 2999.916, 177.3, true, false, null, 'Normal', '80 RON', null, null);
insert into public.fuel_logs (vehicle_id, logged_at, odometer_km, volume_litres, total_cost_kes, price_per_litre_kes, is_partial, has_additive, additive_name, driving_mode, fuel_grade, station, notes) values ('564278df-af5c-476f-bb8f-6d7597fb8339', '2022-12-23', 203569, 16.921, 3000.0933, 177.3, true, false, null, 'Normal', '80 RON', null, null);
insert into public.fuel_logs (vehicle_id, logged_at, odometer_km, volume_litres, total_cost_kes, price_per_litre_kes, is_partial, has_additive, additive_name, driving_mode, fuel_grade, station, notes) values ('564278df-af5c-476f-bb8f-6d7597fb8339', '2022-12-15', 202963, 59.222, 10500.061, 177.3, false, false, null, 'Normal', '80 RON', null, null);
insert into public.fuel_logs (vehicle_id, logged_at, odometer_km, volume_litres, total_cost_kes, price_per_litre_kes, is_partial, has_additive, additive_name, driving_mode, fuel_grade, station, notes) values ('564278df-af5c-476f-bb8f-6d7597fb8339', '2022-12-11', 202775, 16.92, 2999.916, 177.3, true, false, null, 'Normal', '80 RON', null, null);
insert into public.fuel_logs (vehicle_id, logged_at, odometer_km, volume_litres, total_cost_kes, price_per_litre_kes, is_partial, has_additive, additive_name, driving_mode, fuel_grade, station, notes) values ('564278df-af5c-476f-bb8f-6d7597fb8339', '2022-12-07', 202646, 25.575, 2999.9475, 117.3, true, false, null, 'Normal', '80 RON', null, null);
insert into public.fuel_logs (vehicle_id, logged_at, odometer_km, volume_litres, total_cost_kes, price_per_litre_kes, is_partial, has_additive, additive_name, driving_mode, fuel_grade, station, notes) values ('564278df-af5c-476f-bb8f-6d7597fb8339', '2022-12-06', 202548, 11.28, 1999.944, 177.3, true, false, null, 'Normal', '80 RON', null, null);
insert into public.fuel_logs (vehicle_id, logged_at, odometer_km, volume_litres, total_cost_kes, price_per_litre_kes, is_partial, has_additive, additive_name, driving_mode, fuel_grade, station, notes) values ('564278df-af5c-476f-bb8f-6d7597fb8339', '2022-12-05', 202411, 11.28, 1999.944, 177.3, true, false, null, 'Normal', '80 RON', null, null);
insert into public.fuel_logs (vehicle_id, logged_at, odometer_km, volume_litres, total_cost_kes, price_per_litre_kes, is_partial, has_additive, additive_name, driving_mode, fuel_grade, station, notes) values ('564278df-af5c-476f-bb8f-6d7597fb8339', '2022-12-01', 202220, 11.28, 1999.944, 177.3, true, false, null, 'Normal', '80 RON', null, null);
insert into public.fuel_logs (vehicle_id, logged_at, odometer_km, volume_litres, total_cost_kes, price_per_litre_kes, is_partial, has_additive, additive_name, driving_mode, fuel_grade, station, notes) values ('564278df-af5c-476f-bb8f-6d7597fb8339', '2022-11-24', 201606, 62.042, 11000.047, 177.3, false, false, null, 'Normal', '80 RON', null, null);
insert into public.fuel_logs (vehicle_id, logged_at, odometer_km, volume_litres, total_cost_kes, price_per_litre_kes, is_partial, has_additive, additive_name, driving_mode, fuel_grade, station, notes) values ('564278df-af5c-476f-bb8f-6d7597fb8339', '2022-11-23', 201416, 16.92, 2999.916, 177.3, true, false, null, 'Normal', '80 RON', null, null);
insert into public.fuel_logs (vehicle_id, logged_at, odometer_km, volume_litres, total_cost_kes, price_per_litre_kes, is_partial, has_additive, additive_name, driving_mode, fuel_grade, station, notes) values ('564278df-af5c-476f-bb8f-6d7597fb8339', '2022-11-18', 201239, 16.92, 2999.916, 177.3, true, false, null, 'Normal', '80 RON', null, null);
insert into public.fuel_logs (vehicle_id, logged_at, odometer_km, volume_litres, total_cost_kes, price_per_litre_kes, is_partial, has_additive, additive_name, driving_mode, fuel_grade, station, notes) values ('564278df-af5c-476f-bb8f-6d7597fb8339', '2022-11-12', 200627, 61.694, 11000.04, 178.3, false, false, null, 'Normal', '80 RON', null, null);
insert into public.fuel_logs (vehicle_id, logged_at, odometer_km, volume_litres, total_cost_kes, price_per_litre_kes, is_partial, has_additive, additive_name, driving_mode, fuel_grade, station, notes) values ('564278df-af5c-476f-bb8f-6d7597fb8339', '2022-11-06', 199964, 22.321, 3999.923, 179.2, false, false, null, 'Normal', '80 RON', null, null);
insert into public.fuel_logs (vehicle_id, logged_at, odometer_km, volume_litres, total_cost_kes, price_per_litre_kes, is_partial, has_additive, additive_name, driving_mode, fuel_grade, station, notes) values ('564278df-af5c-476f-bb8f-6d7597fb8339', '2022-11-04', 199727, 59.445, 10599.044, 178.3, false, false, null, 'Normal', '80 RON', null, null);
insert into public.fuel_logs (vehicle_id, logged_at, odometer_km, volume_litres, total_cost_kes, price_per_litre_kes, is_partial, has_additive, additive_name, driving_mode, fuel_grade, station, notes) values ('564278df-af5c-476f-bb8f-6d7597fb8339', '2022-10-31', 199099, 57.207, 10200.008, 178.3, false, false, null, 'Normal', '80 RON', null, null);
insert into public.fuel_logs (vehicle_id, logged_at, odometer_km, volume_litres, total_cost_kes, price_per_litre_kes, is_partial, has_additive, additive_name, driving_mode, fuel_grade, station, notes) values ('564278df-af5c-476f-bb8f-6d7597fb8339', '2022-10-28', 198936, 16.826, 3000.0757, 178.3, true, false, null, 'Normal', '80 RON', null, null);
insert into public.fuel_logs (vehicle_id, logged_at, odometer_km, volume_litres, total_cost_kes, price_per_litre_kes, is_partial, has_additive, additive_name, driving_mode, fuel_grade, station, notes) values ('564278df-af5c-476f-bb8f-6d7597fb8339', '2022-10-26', 198829, 11.217, 1999.9911, 178.3, true, false, null, 'Normal', '80 RON', null, null);
insert into public.fuel_logs (vehicle_id, logged_at, odometer_km, volume_litres, total_cost_kes, price_per_litre_kes, is_partial, has_additive, additive_name, driving_mode, fuel_grade, station, notes) values ('564278df-af5c-476f-bb8f-6d7597fb8339', '2022-10-24', 198627, 16.826, 3000.0757, 178.3, true, false, null, 'Normal', '80 RON', null, null);
insert into public.fuel_logs (vehicle_id, logged_at, odometer_km, volume_litres, total_cost_kes, price_per_litre_kes, is_partial, has_additive, additive_name, driving_mode, fuel_grade, station, notes) values ('564278df-af5c-476f-bb8f-6d7597fb8339', '2022-10-17', 198444, 44.868, 7999.9644, 178.3, true, false, null, 'Normal', '80 RON', null, null);
insert into public.fuel_logs (vehicle_id, logged_at, odometer_km, volume_litres, total_cost_kes, price_per_litre_kes, is_partial, has_additive, additive_name, driving_mode, fuel_grade, station, notes) values ('564278df-af5c-476f-bb8f-6d7597fb8339', '2022-10-16', 198013, 11.217, 1999.9911, 178.3, true, false, null, 'Normal', '80 RON', null, null);
insert into public.fuel_logs (vehicle_id, logged_at, odometer_km, volume_litres, total_cost_kes, price_per_litre_kes, is_partial, has_additive, additive_name, driving_mode, fuel_grade, station, notes) values ('564278df-af5c-476f-bb8f-6d7597fb8339', '2022-10-13', 197836, 16.732, 3000.0476, 179.3, true, false, null, 'Normal', '80 RON', null, null);
insert into public.fuel_logs (vehicle_id, logged_at, odometer_km, volume_litres, total_cost_kes, price_per_litre_kes, is_partial, has_additive, additive_name, driving_mode, fuel_grade, station, notes) values ('564278df-af5c-476f-bb8f-6d7597fb8339', '2022-10-12', 197729, 11.154, 1999.9122, 179.3, true, false, null, 'Normal', '80 RON', null, null);
insert into public.fuel_logs (vehicle_id, logged_at, odometer_km, volume_litres, total_cost_kes, price_per_litre_kes, is_partial, has_additive, additive_name, driving_mode, fuel_grade, station, notes) values ('564278df-af5c-476f-bb8f-6d7597fb8339', '2022-10-07', 197033, 59.677, 10700.086, 179.3, false, false, null, 'Normal', '80 RON', null, null);
insert into public.fuel_logs (vehicle_id, logged_at, odometer_km, volume_litres, total_cost_kes, price_per_litre_kes, is_partial, has_additive, additive_name, driving_mode, fuel_grade, station, notes) values ('564278df-af5c-476f-bb8f-6d7597fb8339', '2022-10-03', 196725, 19.853, 3500.084, 176.3, true, false, null, 'Normal', '80 RON', null, null);
insert into public.fuel_logs (vehicle_id, logged_at, odometer_km, volume_litres, total_cost_kes, price_per_litre_kes, is_partial, has_additive, additive_name, driving_mode, fuel_grade, station, notes) values ('564278df-af5c-476f-bb8f-6d7597fb8339', '2022-09-27', 196215, 56.951, 10199.924, 179.1, false, false, null, 'Normal', '80 RON', null, null);
insert into public.fuel_logs (vehicle_id, logged_at, odometer_km, volume_litres, total_cost_kes, price_per_litre_kes, is_partial, has_additive, additive_name, driving_mode, fuel_grade, station, notes) values ('564278df-af5c-476f-bb8f-6d7597fb8339', '2022-09-26', 196011, 16.732, 3000.0476, 179.3, true, false, null, 'Normal', '80 RON', null, null);
insert into public.fuel_logs (vehicle_id, logged_at, odometer_km, volume_litres, total_cost_kes, price_per_litre_kes, is_partial, has_additive, additive_name, driving_mode, fuel_grade, station, notes) values ('564278df-af5c-476f-bb8f-6d7597fb8339', '2022-09-25', 195848, 16.732, 3000.0476, 179.3, true, false, null, 'Normal', '80 RON', null, null);
insert into public.fuel_logs (vehicle_id, logged_at, odometer_km, volume_litres, total_cost_kes, price_per_litre_kes, is_partial, has_additive, additive_name, driving_mode, fuel_grade, station, notes) values ('564278df-af5c-476f-bb8f-6d7597fb8339', '2022-09-23', 195715, 11.154, 1999.9122, 179.3, true, false, null, 'Normal', '80 RON', null, null);
insert into public.fuel_logs (vehicle_id, logged_at, odometer_km, volume_litres, total_cost_kes, price_per_litre_kes, is_partial, has_additive, additive_name, driving_mode, fuel_grade, station, notes) values ('564278df-af5c-476f-bb8f-6d7597fb8339', '2022-09-14', 195118, 14.475, 2302.9724, 159.1, true, false, null, 'Normal', '80 RON', null, null);
insert into public.fuel_logs (vehicle_id, logged_at, odometer_km, volume_litres, total_cost_kes, price_per_litre_kes, is_partial, has_additive, additive_name, driving_mode, fuel_grade, station, notes) values ('564278df-af5c-476f-bb8f-6d7597fb8339', '2022-09-14', 194931, 55.305, 8799.025, 159.1, false, false, null, 'Normal', '80 RON', null, null);
insert into public.fuel_logs (vehicle_id, logged_at, odometer_km, volume_litres, total_cost_kes, price_per_litre_kes, is_partial, has_additive, additive_name, driving_mode, fuel_grade, station, notes) values ('564278df-af5c-476f-bb8f-6d7597fb8339', '2022-09-12', 194852, 12.571, 2000.0461, 159.1, true, false, null, 'Normal', '80 RON', null, null);
insert into public.fuel_logs (vehicle_id, logged_at, odometer_km, volume_litres, total_cost_kes, price_per_litre_kes, is_partial, has_additive, additive_name, driving_mode, fuel_grade, station, notes) values ('564278df-af5c-476f-bb8f-6d7597fb8339', '2022-09-06', 194512, 31.427, 5000.0356, 159.1, true, false, null, 'Normal', '80 RON', null, null);
insert into public.fuel_logs (vehicle_id, logged_at, odometer_km, volume_litres, total_cost_kes, price_per_litre_kes, is_partial, has_additive, additive_name, driving_mode, fuel_grade, station, notes) values ('564278df-af5c-476f-bb8f-6d7597fb8339', '2022-09-05', 194354, 12.571, 2000.0461, 159.1, true, false, null, 'Normal', '80 RON', null, null);
insert into public.fuel_logs (vehicle_id, logged_at, odometer_km, volume_litres, total_cost_kes, price_per_litre_kes, is_partial, has_additive, additive_name, driving_mode, fuel_grade, station, notes) values ('564278df-af5c-476f-bb8f-6d7597fb8339', '2022-09-02', 194279, 12.571, 2000.0461, 159.1, true, false, null, 'Normal', '80 RON', null, null);
insert into public.fuel_logs (vehicle_id, logged_at, odometer_km, volume_litres, total_cost_kes, price_per_litre_kes, is_partial, has_additive, additive_name, driving_mode, fuel_grade, station, notes) values ('564278df-af5c-476f-bb8f-6d7597fb8339', '2022-08-31', 194161, 12.571, 2000.0461, 159.1, true, false, null, 'Normal', '80 RON', null, null);
insert into public.fuel_logs (vehicle_id, logged_at, odometer_km, volume_litres, total_cost_kes, price_per_litre_kes, is_partial, has_additive, additive_name, driving_mode, fuel_grade, station, notes) values ('564278df-af5c-476f-bb8f-6d7597fb8339', '2022-08-29', 193946, 18.856, 2999.9895, 159.1, true, false, null, 'Normal', '80 RON', null, null);
insert into public.fuel_logs (vehicle_id, logged_at, odometer_km, volume_litres, total_cost_kes, price_per_litre_kes, is_partial, has_additive, additive_name, driving_mode, fuel_grade, station, notes) values ('564278df-af5c-476f-bb8f-6d7597fb8339', '2022-08-27', 193757, 18.856, 2999.9895, 159.1, true, false, null, 'Normal', '80 RON', null, null);
insert into public.fuel_logs (vehicle_id, logged_at, odometer_km, volume_litres, total_cost_kes, price_per_litre_kes, is_partial, has_additive, additive_name, driving_mode, fuel_grade, station, notes) values ('564278df-af5c-476f-bb8f-6d7597fb8339', '2022-08-24', 193574, 12.571, 2000.0461, 159.1, true, false, null, 'Normal', '80 RON', null, null);
insert into public.fuel_logs (vehicle_id, logged_at, odometer_km, volume_litres, total_cost_kes, price_per_litre_kes, is_partial, has_additive, additive_name, driving_mode, fuel_grade, station, notes) values ('564278df-af5c-476f-bb8f-6d7597fb8339', '2022-08-23', 193435, 12.571, 2000.0461, 159.1, true, false, null, 'Normal', '80 RON', null, null);
insert into public.fuel_logs (vehicle_id, logged_at, odometer_km, volume_litres, total_cost_kes, price_per_litre_kes, is_partial, has_additive, additive_name, driving_mode, fuel_grade, station, notes) values ('564278df-af5c-476f-bb8f-6d7597fb8339', '2022-08-22', 193328, 12.571, 2000.0461, 159.1, true, false, null, 'Normal', '80 RON', null, null);
insert into public.fuel_logs (vehicle_id, logged_at, odometer_km, volume_litres, total_cost_kes, price_per_litre_kes, is_partial, has_additive, additive_name, driving_mode, fuel_grade, station, notes) values ('564278df-af5c-476f-bb8f-6d7597fb8339', '2022-08-19', 193191, 12.571, 2000.0461, 159.1, true, false, null, 'Normal', '80 RON', null, null);
insert into public.fuel_logs (vehicle_id, logged_at, odometer_km, volume_litres, total_cost_kes, price_per_litre_kes, is_partial, has_additive, additive_name, driving_mode, fuel_grade, station, notes) values ('564278df-af5c-476f-bb8f-6d7597fb8339', '2022-08-18', 193047, 12.571, 2000.0461, 159.1, true, false, null, 'Normal', '80 RON', null, null);
insert into public.fuel_logs (vehicle_id, logged_at, odometer_km, volume_litres, total_cost_kes, price_per_litre_kes, is_partial, has_additive, additive_name, driving_mode, fuel_grade, station, notes) values ('564278df-af5c-476f-bb8f-6d7597fb8339', '2022-08-04', 192459, 60.968, 9700.009, 159.1, false, false, null, 'Normal', '80 RON', null, null);
insert into public.fuel_logs (vehicle_id, logged_at, odometer_km, volume_litres, total_cost_kes, price_per_litre_kes, is_partial, has_additive, additive_name, driving_mode, fuel_grade, station, notes) values ('564278df-af5c-476f-bb8f-6d7597fb8339', '2022-07-29', 191900, 53.426, 8500.076, 159.1, false, false, null, 'Normal', '80 RON', null, null);
insert into public.fuel_logs (vehicle_id, logged_at, odometer_km, volume_litres, total_cost_kes, price_per_litre_kes, is_partial, has_additive, additive_name, driving_mode, fuel_grade, station, notes) values ('564278df-af5c-476f-bb8f-6d7597fb8339', '2022-07-21', 191307, 58.454, 9300.031, 159.1, false, false, null, 'Normal', '80 RON', null, null);
insert into public.fuel_logs (vehicle_id, logged_at, odometer_km, volume_litres, total_cost_kes, price_per_litre_kes, is_partial, has_additive, additive_name, driving_mode, fuel_grade, station, notes) values ('564278df-af5c-476f-bb8f-6d7597fb8339', '2022-07-13', 190684, 54.683, 8700.065, 159.1, false, false, null, 'Normal', '80 RON', null, null);
insert into public.fuel_logs (vehicle_id, logged_at, odometer_km, volume_litres, total_cost_kes, price_per_litre_kes, is_partial, has_additive, additive_name, driving_mode, fuel_grade, station, notes) values ('564278df-af5c-476f-bb8f-6d7597fb8339', '2022-07-05', 190163, 57.209, 9101.952, 159.1, false, false, null, 'Normal', '80 RON', null, null);
insert into public.fuel_logs (vehicle_id, logged_at, odometer_km, volume_litres, total_cost_kes, price_per_litre_kes, is_partial, has_additive, additive_name, driving_mode, fuel_grade, station, notes) values ('564278df-af5c-476f-bb8f-6d7597fb8339', '2022-06-27', 189556, 43.997, 6999.923, 159.1, false, false, null, 'Normal', '80 RON', null, null);
insert into public.fuel_logs (vehicle_id, logged_at, odometer_km, volume_litres, total_cost_kes, price_per_litre_kes, is_partial, has_additive, additive_name, driving_mode, fuel_grade, station, notes) values ('564278df-af5c-476f-bb8f-6d7597fb8339', '2022-06-22', 189116, 60.339, 9599.935, 159.1, false, false, null, 'Normal', '80 RON', null, null);
insert into public.fuel_logs (vehicle_id, logged_at, odometer_km, volume_litres, total_cost_kes, price_per_litre_kes, is_partial, has_additive, additive_name, driving_mode, fuel_grade, station, notes) values ('564278df-af5c-476f-bb8f-6d7597fb8339', '2022-06-20', 188994, 12.571, 2000.0461, 159.1, true, false, null, 'Normal', '80 RON', null, null);
insert into public.fuel_logs (vehicle_id, logged_at, odometer_km, volume_litres, total_cost_kes, price_per_litre_kes, is_partial, has_additive, additive_name, driving_mode, fuel_grade, station, notes) values ('564278df-af5c-476f-bb8f-6d7597fb8339', '2022-06-11', 188402, 58.628, 8800.0625, 150.1, false, false, null, 'Normal', '80 RON', null, null);
insert into public.fuel_logs (vehicle_id, logged_at, odometer_km, volume_litres, total_cost_kes, price_per_litre_kes, is_partial, has_additive, additive_name, driving_mode, fuel_grade, station, notes) values ('564278df-af5c-476f-bb8f-6d7597fb8339', '2022-05-23', 187911, 58.628, 8800.0625, 150.1, false, false, null, 'Normal', '80 RON', null, null);
insert into public.fuel_logs (vehicle_id, logged_at, odometer_km, volume_litres, total_cost_kes, price_per_litre_kes, is_partial, has_additive, additive_name, driving_mode, fuel_grade, station, notes) values ('564278df-af5c-476f-bb8f-6d7597fb8339', '2022-05-11', 187381, 44.952, 6500.059, 144.6, false, false, null, 'Normal', '80 RON', null, null);
insert into public.fuel_logs (vehicle_id, logged_at, odometer_km, volume_litres, total_cost_kes, price_per_litre_kes, is_partial, has_additive, additive_name, driving_mode, fuel_grade, station, notes) values ('564278df-af5c-476f-bb8f-6d7597fb8339', '2022-05-01', 187025, 40.111, 5800.051, 144.6, false, false, null, 'Normal', '80 RON', null, null);
insert into public.fuel_logs (vehicle_id, logged_at, odometer_km, volume_litres, total_cost_kes, price_per_litre_kes, is_partial, has_additive, additive_name, driving_mode, fuel_grade, station, notes) values ('564278df-af5c-476f-bb8f-6d7597fb8339', '2022-04-26', 186630, 23.394, 4000.374, 171, true, false, null, 'Normal', '80 RON', null, null);
insert into public.fuel_logs (vehicle_id, logged_at, odometer_km, volume_litres, total_cost_kes, price_per_litre_kes, is_partial, has_additive, additive_name, driving_mode, fuel_grade, station, notes) values ('564278df-af5c-476f-bb8f-6d7597fb8339', '2022-04-19', 186512, 27.454, 4000.0479, 145.7, false, false, null, 'Normal', '80 RON', null, null);
insert into public.fuel_logs (vehicle_id, logged_at, odometer_km, volume_litres, total_cost_kes, price_per_litre_kes, is_partial, has_additive, additive_name, driving_mode, fuel_grade, station, notes) values ('564278df-af5c-476f-bb8f-6d7597fb8339', '2022-04-15', 186129, 22.828, 3300.9287, 144.6, false, false, null, 'Normal', '80 RON', null, null);
insert into public.fuel_logs (vehicle_id, logged_at, odometer_km, volume_litres, total_cost_kes, price_per_litre_kes, is_partial, has_additive, additive_name, driving_mode, fuel_grade, station, notes) values ('564278df-af5c-476f-bb8f-6d7597fb8339', '2022-04-12', 185910, 31.27, 5000.073, 159.9, false, false, null, 'Normal', '80 RON', null, null);
insert into public.fuel_logs (vehicle_id, logged_at, odometer_km, volume_litres, total_cost_kes, price_per_litre_kes, is_partial, has_additive, additive_name, driving_mode, fuel_grade, station, notes) values ('564278df-af5c-476f-bb8f-6d7597fb8339', '2022-04-08', 185671, 31.895, 5100.0107, 159.9, false, false, null, 'Normal', '80 RON', null, null);
insert into public.fuel_logs (vehicle_id, logged_at, odometer_km, volume_litres, total_cost_kes, price_per_litre_kes, is_partial, has_additive, additive_name, driving_mode, fuel_grade, station, notes) values ('564278df-af5c-476f-bb8f-6d7597fb8339', '2022-04-04', 185373, 58.255, 9314.975, 159.9, false, false, null, 'Normal', '80 RON', null, null);
insert into public.fuel_logs (vehicle_id, logged_at, odometer_km, volume_litres, total_cost_kes, price_per_litre_kes, is_partial, has_additive, additive_name, driving_mode, fuel_grade, station, notes) values ('564278df-af5c-476f-bb8f-6d7597fb8339', '2022-03-31', 185147, 22.272, 3000.0383, 134.7, true, false, null, 'Normal', '80 RON', null, null);
insert into public.fuel_logs (vehicle_id, logged_at, odometer_km, volume_litres, total_cost_kes, price_per_litre_kes, is_partial, has_additive, additive_name, driving_mode, fuel_grade, station, notes) values ('564278df-af5c-476f-bb8f-6d7597fb8339', '2022-03-25', 185000, 22.272, 3000.0383, 134.7, true, false, null, 'Normal', '80 RON', null, null);
insert into public.fuel_logs (vehicle_id, logged_at, odometer_km, volume_litres, total_cost_kes, price_per_litre_kes, is_partial, has_additive, additive_name, driving_mode, fuel_grade, station, notes) values ('564278df-af5c-476f-bb8f-6d7597fb8339', '2022-03-01', 184828, 7.645, 999.966, 130.8, true, false, null, 'Normal', '80 RON', null, null);
insert into public.fuel_logs (vehicle_id, logged_at, odometer_km, volume_litres, total_cost_kes, price_per_litre_kes, is_partial, has_additive, additive_name, driving_mode, fuel_grade, station, notes) values ('564278df-af5c-476f-bb8f-6d7597fb8339', '2022-02-24', 184733, 15.291, 2000.0627, 130.8, true, false, null, 'Normal', '80 RON', null, null);
insert into public.fuel_logs (vehicle_id, logged_at, odometer_km, volume_litres, total_cost_kes, price_per_litre_kes, is_partial, has_additive, additive_name, driving_mode, fuel_grade, station, notes) values ('564278df-af5c-476f-bb8f-6d7597fb8339', '2022-02-17', 184655, 7.825, 1000.035, 127.8, true, false, null, 'Normal', '80 RON', null, null);
insert into public.fuel_logs (vehicle_id, logged_at, odometer_km, volume_litres, total_cost_kes, price_per_litre_kes, is_partial, has_additive, additive_name, driving_mode, fuel_grade, station, notes) values ('564278df-af5c-476f-bb8f-6d7597fb8339', '2022-02-13', 184433, 23.13, 2999.961, 129.7, true, false, null, 'Normal', '80 RON', null, null);
insert into public.fuel_logs (vehicle_id, logged_at, odometer_km, volume_litres, total_cost_kes, price_per_litre_kes, is_partial, has_additive, additive_name, driving_mode, fuel_grade, station, notes) values ('564278df-af5c-476f-bb8f-6d7597fb8339', '2022-02-10', 184275, 15.42, 1999.974, 129.7, true, false, null, 'Normal', '80 RON', null, null);
insert into public.fuel_logs (vehicle_id, logged_at, odometer_km, volume_litres, total_cost_kes, price_per_litre_kes, is_partial, has_additive, additive_name, driving_mode, fuel_grade, station, notes) values ('564278df-af5c-476f-bb8f-6d7597fb8339', '2022-02-08', 184157, 15.42, 1999.974, 129.7, true, false, null, 'Normal', '80 RON', null, null);
insert into public.fuel_logs (vehicle_id, logged_at, odometer_km, volume_litres, total_cost_kes, price_per_litre_kes, is_partial, has_additive, additive_name, driving_mode, fuel_grade, station, notes) values ('564278df-af5c-476f-bb8f-6d7597fb8339', '2022-02-07', 183909, 23.13, 2999.961, 129.7, true, false, null, 'Normal', '80 RON', null, null);
insert into public.fuel_logs (vehicle_id, logged_at, odometer_km, volume_litres, total_cost_kes, price_per_litre_kes, is_partial, has_additive, additive_name, driving_mode, fuel_grade, station, notes) values ('564278df-af5c-476f-bb8f-6d7597fb8339', '2022-02-03', 183768, 15.42, 1999.974, 129.7, true, false, null, 'Normal', '80 RON', null, null);
insert into public.fuel_logs (vehicle_id, logged_at, odometer_km, volume_litres, total_cost_kes, price_per_litre_kes, is_partial, has_additive, additive_name, driving_mode, fuel_grade, station, notes) values ('564278df-af5c-476f-bb8f-6d7597fb8339', '2022-02-02', 183711, 7.891, 999.9475, 126.72, true, false, null, 'Normal', '80 RON', null, null);
insert into public.fuel_logs (vehicle_id, logged_at, odometer_km, volume_litres, total_cost_kes, price_per_litre_kes, is_partial, has_additive, additive_name, driving_mode, fuel_grade, station, notes) values ('564278df-af5c-476f-bb8f-6d7597fb8339', '2022-01-31', 183552, 15.42, 1999.974, 129.7, true, false, null, 'Normal', '80 RON', null, null);
insert into public.fuel_logs (vehicle_id, logged_at, odometer_km, volume_litres, total_cost_kes, price_per_litre_kes, is_partial, has_additive, additive_name, driving_mode, fuel_grade, station, notes) values ('564278df-af5c-476f-bb8f-6d7597fb8339', '2022-01-28', 183291, 23.13, 2999.961, 129.7, true, false, null, 'Normal', '80 RON', null, null);
insert into public.fuel_logs (vehicle_id, logged_at, odometer_km, volume_litres, total_cost_kes, price_per_litre_kes, is_partial, has_additive, additive_name, driving_mode, fuel_grade, station, notes) values ('564278df-af5c-476f-bb8f-6d7597fb8339', '2022-01-27', 183106, 23.13, 2999.961, 129.7, true, false, null, 'Normal', '80 RON', null, null);
insert into public.fuel_logs (vehicle_id, logged_at, odometer_km, volume_litres, total_cost_kes, price_per_litre_kes, is_partial, has_additive, additive_name, driving_mode, fuel_grade, station, notes) values ('564278df-af5c-476f-bb8f-6d7597fb8339', '2022-01-24', 182891, 15.42, 1999.974, 129.7, true, false, null, 'Normal', '80 RON', null, null);
insert into public.fuel_logs (vehicle_id, logged_at, odometer_km, volume_litres, total_cost_kes, price_per_litre_kes, is_partial, has_additive, additive_name, driving_mode, fuel_grade, station, notes) values ('564278df-af5c-476f-bb8f-6d7597fb8339', '2022-01-22', 182614, 22.971, 3000.0127, 130.6, true, false, null, 'Normal', '80 RON', null, null);
insert into public.fuel_logs (vehicle_id, logged_at, odometer_km, volume_litres, total_cost_kes, price_per_litre_kes, is_partial, has_additive, additive_name, driving_mode, fuel_grade, station, notes) values ('564278df-af5c-476f-bb8f-6d7597fb8339', '2022-01-13', 182263, 38.551, 5000.065, 129.7, true, false, null, 'Normal', '80 RON', null, null);
insert into public.fuel_logs (vehicle_id, logged_at, odometer_km, volume_litres, total_cost_kes, price_per_litre_kes, is_partial, has_additive, additive_name, driving_mode, fuel_grade, station, notes) values ('564278df-af5c-476f-bb8f-6d7597fb8339', '2022-01-11', 182130, 1.564, 1999.9994, 1278.772, true, false, null, 'Normal', '80 RON', null, null);
insert into public.fuel_logs (vehicle_id, logged_at, odometer_km, volume_litres, total_cost_kes, price_per_litre_kes, is_partial, has_additive, additive_name, driving_mode, fuel_grade, station, notes) values ('564278df-af5c-476f-bb8f-6d7597fb8339', '2022-01-07', 181927, 15.42, 1999.974, 129.7, true, false, null, 'Normal', '80 RON', null, null);
insert into public.fuel_logs (vehicle_id, logged_at, odometer_km, volume_litres, total_cost_kes, price_per_litre_kes, is_partial, has_additive, additive_name, driving_mode, fuel_grade, station, notes) values ('564278df-af5c-476f-bb8f-6d7597fb8339', '2022-01-04', 181677, 30.84, 3999.948, 129.7, true, false, null, 'Normal', '80 RON', null, null);
insert into public.fuel_logs (vehicle_id, logged_at, odometer_km, volume_litres, total_cost_kes, price_per_litre_kes, is_partial, has_additive, additive_name, driving_mode, fuel_grade, station, notes) values ('564278df-af5c-476f-bb8f-6d7597fb8339', '2021-12-22', 181110, 46.261, 5800.019, 125.376, false, false, null, 'Normal', '80 RON', null, null);
insert into public.fuel_logs (vehicle_id, logged_at, odometer_km, volume_litres, total_cost_kes, price_per_litre_kes, is_partial, has_additive, additive_name, driving_mode, fuel_grade, station, notes) values ('564278df-af5c-476f-bb8f-6d7597fb8339', '2021-12-16', 180632, 57.826, 7500.032, 129.7, false, false, null, 'Normal', '80 RON', null, null);
insert into public.fuel_logs (vehicle_id, logged_at, odometer_km, volume_litres, total_cost_kes, price_per_litre_kes, is_partial, has_additive, additive_name, driving_mode, fuel_grade, station, notes) values ('564278df-af5c-476f-bb8f-6d7597fb8339', '2021-12-08', 180429, 23.13, 2999.961, 129.7, true, false, null, 'Normal', '80 RON', null, null);
insert into public.fuel_logs (vehicle_id, logged_at, odometer_km, volume_litres, total_cost_kes, price_per_litre_kes, is_partial, has_additive, additive_name, driving_mode, fuel_grade, station, notes) values ('564278df-af5c-476f-bb8f-6d7597fb8339', '2021-12-06', 180222, 19.275, 2499.9675, 129.7, true, false, null, 'Normal', '80 RON', null, null);
insert into public.fuel_logs (vehicle_id, logged_at, odometer_km, volume_litres, total_cost_kes, price_per_litre_kes, is_partial, has_additive, additive_name, driving_mode, fuel_grade, station, notes) values ('564278df-af5c-476f-bb8f-6d7597fb8339', '2021-12-03', 179995, 22.936, 3000.0288, 130.8, true, false, null, 'Normal', '80 RON', null, null);
insert into public.fuel_logs (vehicle_id, logged_at, odometer_km, volume_litres, total_cost_kes, price_per_litre_kes, is_partial, has_additive, additive_name, driving_mode, fuel_grade, station, notes) values ('564278df-af5c-476f-bb8f-6d7597fb8339', '2021-11-27', 179694, 30.84, 3999.948, 129.7, true, false, null, 'Normal', '80 RON', null, null);
insert into public.fuel_logs (vehicle_id, logged_at, odometer_km, volume_litres, total_cost_kes, price_per_litre_kes, is_partial, has_additive, additive_name, driving_mode, fuel_grade, station, notes) values ('564278df-af5c-476f-bb8f-6d7597fb8339', '2021-11-13', 178982, 46.261, 6000.052, 129.7, true, false, null, 'Normal', '80 RON', null, null);
insert into public.fuel_logs (vehicle_id, logged_at, odometer_km, volume_litres, total_cost_kes, price_per_litre_kes, is_partial, has_additive, additive_name, driving_mode, fuel_grade, station, notes) values ('564278df-af5c-476f-bb8f-6d7597fb8339', '2021-11-03', 178427, 59.368, 7700.03, 129.7, false, false, null, 'Normal', '80 RON', null, null);
insert into public.fuel_logs (vehicle_id, logged_at, odometer_km, volume_litres, total_cost_kes, price_per_litre_kes, is_partial, has_additive, additive_name, driving_mode, fuel_grade, station, notes) values ('564278df-af5c-476f-bb8f-6d7597fb8339', '2021-10-30', 177827, 53.971, 7000.0386, 129.7, false, false, null, 'Normal', '80 RON', null, null);
insert into public.fuel_logs (vehicle_id, logged_at, odometer_km, volume_litres, total_cost_kes, price_per_litre_kes, is_partial, has_additive, additive_name, driving_mode, fuel_grade, station, notes) values ('564278df-af5c-476f-bb8f-6d7597fb8339', '2021-10-30', 177781, 7.71, 999.987, 129.7, true, false, null, 'Normal', '80 RON', null, null);
insert into public.fuel_logs (vehicle_id, logged_at, odometer_km, volume_litres, total_cost_kes, price_per_litre_kes, is_partial, has_additive, additive_name, driving_mode, fuel_grade, station, notes) values ('564278df-af5c-476f-bb8f-6d7597fb8339', '2021-10-28', 177515, 30.581, 3999.9949, 130.8, true, false, null, 'Normal', '80 RON', null, null);
insert into public.fuel_logs (vehicle_id, logged_at, odometer_km, volume_litres, total_cost_kes, price_per_litre_kes, is_partial, has_additive, additive_name, driving_mode, fuel_grade, station, notes) values ('564278df-af5c-476f-bb8f-6d7597fb8339', '2021-10-25', 177350, 15.42, 1999.974, 129.7, true, false, null, 'Normal', '80 RON', null, null);
insert into public.fuel_logs (vehicle_id, logged_at, odometer_km, volume_litres, total_cost_kes, price_per_litre_kes, is_partial, has_additive, additive_name, driving_mode, fuel_grade, station, notes) values ('564278df-af5c-476f-bb8f-6d7597fb8339', '2021-10-18', 176803, 58.597, 7600.031, 129.7, false, false, null, 'Normal', '80 RON', null, null);
insert into public.fuel_logs (vehicle_id, logged_at, odometer_km, volume_litres, total_cost_kes, price_per_litre_kes, is_partial, has_additive, additive_name, driving_mode, fuel_grade, station, notes) values ('564278df-af5c-476f-bb8f-6d7597fb8339', '2021-10-01', 176223, 22.272, 3000.0383, 134.7, false, false, null, 'Normal', '80 RON', null, null);
insert into public.fuel_logs (vehicle_id, logged_at, odometer_km, volume_litres, total_cost_kes, price_per_litre_kes, is_partial, has_additive, additive_name, driving_mode, fuel_grade, station, notes) values ('564278df-af5c-476f-bb8f-6d7597fb8339', '2021-09-30', 176008, 59.391, 7999.968, 134.7, false, false, null, 'Normal', '80 RON', null, null);
insert into public.fuel_logs (vehicle_id, logged_at, odometer_km, volume_litres, total_cost_kes, price_per_litre_kes, is_partial, has_additive, additive_name, driving_mode, fuel_grade, station, notes) values ('564278df-af5c-476f-bb8f-6d7597fb8339', '2021-09-29', 175967, 7.42, 1000.0008, 134.771, true, false, null, 'Normal', '80 RON', null, null);
insert into public.fuel_logs (vehicle_id, logged_at, odometer_km, volume_litres, total_cost_kes, price_per_litre_kes, is_partial, has_additive, additive_name, driving_mode, fuel_grade, station, notes) values ('564278df-af5c-476f-bb8f-6d7597fb8339', '2021-09-28', 175550, 7, 999.999, 142.857, true, false, null, 'Normal', '80 RON', null, null);
insert into public.fuel_logs (vehicle_id, logged_at, odometer_km, volume_litres, total_cost_kes, price_per_litre_kes, is_partial, has_additive, additive_name, driving_mode, fuel_grade, station, notes) values ('564278df-af5c-476f-bb8f-6d7597fb8339', '2021-09-23', 175506, 7.4, 999.999, 135.135, true, false, null, 'Normal', '80 RON', null, null);
insert into public.fuel_logs (vehicle_id, logged_at, odometer_km, volume_litres, total_cost_kes, price_per_litre_kes, is_partial, has_additive, additive_name, driving_mode, fuel_grade, station, notes) values ('564278df-af5c-476f-bb8f-6d7597fb8339', '2021-09-22', 175160, 22.201, 3000.132, 135.135, true, false, null, 'Normal', '80 RON', null, null);
insert into public.fuel_logs (vehicle_id, logged_at, odometer_km, volume_litres, total_cost_kes, price_per_litre_kes, is_partial, has_additive, additive_name, driving_mode, fuel_grade, station, notes) values ('564278df-af5c-476f-bb8f-6d7597fb8339', '2021-09-21', 175019, 48.291, 6499.9688, 134.6, false, false, null, 'Normal', '80 RON', null, null);
insert into public.fuel_logs (vehicle_id, logged_at, odometer_km, volume_litres, total_cost_kes, price_per_litre_kes, is_partial, has_additive, additive_name, driving_mode, fuel_grade, station, notes) values ('564278df-af5c-476f-bb8f-6d7597fb8339', '2021-09-14', 174534, 25.37, 3265.119, 128.7, true, false, null, 'Normal', '80 RON', null, null);
insert into public.fuel_logs (vehicle_id, logged_at, odometer_km, volume_litres, total_cost_kes, price_per_litre_kes, is_partial, has_additive, additive_name, driving_mode, fuel_grade, station, notes) values ('564278df-af5c-476f-bb8f-6d7597fb8339', '2021-09-11', 174374, 23.474, 2999.9773, 127.8, true, false, null, 'Normal', '80 RON', null, null);
insert into public.fuel_logs (vehicle_id, logged_at, odometer_km, volume_litres, total_cost_kes, price_per_litre_kes, is_partial, has_additive, additive_name, driving_mode, fuel_grade, station, notes) values ('564278df-af5c-476f-bb8f-6d7597fb8339', '2021-09-10', 174228, 7.8, 999.999, 128.205, true, false, null, 'Normal', '80 RON', null, null);
insert into public.fuel_logs (vehicle_id, logged_at, odometer_km, volume_litres, total_cost_kes, price_per_litre_kes, is_partial, has_additive, additive_name, driving_mode, fuel_grade, station, notes) values ('564278df-af5c-476f-bb8f-6d7597fb8339', '2021-08-22', 173727, 27.537, 3499.9526, 127.1, false, false, null, 'Normal', '80 RON', null, null);
insert into public.fuel_logs (vehicle_id, logged_at, odometer_km, volume_litres, total_cost_kes, price_per_litre_kes, is_partial, has_additive, additive_name, driving_mode, fuel_grade, station, notes) values ('564278df-af5c-476f-bb8f-6d7597fb8339', '2021-08-19', 173484, 7.837, 1000.0012, 127.6, false, false, null, 'Normal', '80 RON', null, null);
insert into public.fuel_logs (vehicle_id, logged_at, odometer_km, volume_litres, total_cost_kes, price_per_litre_kes, is_partial, has_additive, additive_name, driving_mode, fuel_grade, station, notes) values ('564278df-af5c-476f-bb8f-6d7597fb8339', '2021-08-18', 173410, 10.188, 1299.9888, 127.6, false, false, null, 'Normal', '80 RON', null, null);
insert into public.fuel_logs (vehicle_id, logged_at, odometer_km, volume_litres, total_cost_kes, price_per_litre_kes, is_partial, has_additive, additive_name, driving_mode, fuel_grade, station, notes) values ('564278df-af5c-476f-bb8f-6d7597fb8339', '2021-08-17', 173336, 11.802, 1500.0342, 127.1, false, false, null, 'Normal', '80 RON', null, null);
insert into public.fuel_logs (vehicle_id, logged_at, odometer_km, volume_litres, total_cost_kes, price_per_litre_kes, is_partial, has_additive, additive_name, driving_mode, fuel_grade, station, notes) values ('564278df-af5c-476f-bb8f-6d7597fb8339', '2021-08-15', 173229, 39.347, 5001.004, 127.1, false, false, null, 'Normal', '80 RON', null, null);
insert into public.fuel_logs (vehicle_id, logged_at, odometer_km, volume_litres, total_cost_kes, price_per_litre_kes, is_partial, has_additive, additive_name, driving_mode, fuel_grade, station, notes) values ('564278df-af5c-476f-bb8f-6d7597fb8339', '2021-08-10', 172806, 23.6, 3000.0083, 127.119, false, false, null, 'Normal', '80 RON', null, null);
insert into public.fuel_logs (vehicle_id, logged_at, odometer_km, volume_litres, total_cost_kes, price_per_litre_kes, is_partial, has_additive, additive_name, driving_mode, fuel_grade, station, notes) values ('564278df-af5c-476f-bb8f-6d7597fb8339', '2021-08-06', 172599, 55.074, 6999.9053, 127.1, false, false, null, 'Normal', '80 RON', null, null);
insert into public.fuel_logs (vehicle_id, logged_at, odometer_km, volume_litres, total_cost_kes, price_per_litre_kes, is_partial, has_additive, additive_name, driving_mode, fuel_grade, station, notes) values ('564278df-af5c-476f-bb8f-6d7597fb8339', '2021-08-02', 172061, 56.649, 7200.088, 127.1, true, false, null, 'Normal', '80 RON', null, null);
insert into public.fuel_logs (vehicle_id, logged_at, odometer_km, volume_litres, total_cost_kes, price_per_litre_kes, is_partial, has_additive, additive_name, driving_mode, fuel_grade, station, notes) values ('564278df-af5c-476f-bb8f-6d7597fb8339', '2020-10-05', 169633, 57.277, 6100.0005, 106.5, false, false, null, 'Normal', '80 RON', null, null);
insert into public.fuel_logs (vehicle_id, logged_at, odometer_km, volume_litres, total_cost_kes, price_per_litre_kes, is_partial, has_additive, additive_name, driving_mode, fuel_grade, station, notes) values ('564278df-af5c-476f-bb8f-6d7597fb8339', '2020-10-02', 169562, 9.488, 1000.0352, 105.4, true, false, null, 'Normal', '80 RON', null, null);
insert into public.fuel_logs (vehicle_id, logged_at, odometer_km, volume_litres, total_cost_kes, price_per_litre_kes, is_partial, has_additive, additive_name, driving_mode, fuel_grade, station, notes) values ('564278df-af5c-476f-bb8f-6d7597fb8339', '2020-09-05', 169012, 51.03, 5302.017, 103.9, false, false, null, 'Normal', '80 RON', null, null);
insert into public.fuel_logs (vehicle_id, logged_at, odometer_km, volume_litres, total_cost_kes, price_per_litre_kes, is_partial, has_additive, additive_name, driving_mode, fuel_grade, station, notes) values ('564278df-af5c-476f-bb8f-6d7597fb8339', '2020-08-27', 168473, 57.75, 6000.225, 103.9, false, false, null, 'Normal', '80 RON', null, null);
insert into public.fuel_logs (vehicle_id, logged_at, odometer_km, volume_litres, total_cost_kes, price_per_litre_kes, is_partial, has_additive, additive_name, driving_mode, fuel_grade, station, notes) values ('564278df-af5c-476f-bb8f-6d7597fb8339', '2020-08-11', 167949, 52.79, 4846.122, 91.8, false, false, null, 'Normal', '80 RON', null, null);
insert into public.fuel_logs (vehicle_id, logged_at, odometer_km, volume_litres, total_cost_kes, price_per_litre_kes, is_partial, has_additive, additive_name, driving_mode, fuel_grade, station, notes) values ('564278df-af5c-476f-bb8f-6d7597fb8339', '2020-08-04', 167624, 29.55, 3000.0046, 101.523, true, false, null, 'Normal', '80 RON', null, null);
insert into public.fuel_logs (vehicle_id, logged_at, odometer_km, volume_litres, total_cost_kes, price_per_litre_kes, is_partial, has_additive, additive_name, driving_mode, fuel_grade, station, notes) values ('564278df-af5c-476f-bb8f-6d7597fb8339', '2020-07-20', 167151, 48.03, 4822.212, 100.4, false, false, null, 'Normal', '80 RON', null, null);
insert into public.fuel_logs (vehicle_id, logged_at, odometer_km, volume_litres, total_cost_kes, price_per_litre_kes, is_partial, has_additive, additive_name, driving_mode, fuel_grade, station, notes) values ('564278df-af5c-476f-bb8f-6d7597fb8339', '2020-07-15', 166934, 29.88, 2999.952, 100.4, true, false, null, 'Normal', '80 RON', null, null);
insert into public.fuel_logs (vehicle_id, logged_at, odometer_km, volume_litres, total_cost_kes, price_per_litre_kes, is_partial, has_additive, additive_name, driving_mode, fuel_grade, station, notes) values ('564278df-af5c-476f-bb8f-6d7597fb8339', '2020-06-07', 166642, 36.014, 2999.9663, 83.3, true, false, null, 'Normal', '80 RON', null, null);
insert into public.fuel_logs (vehicle_id, logged_at, odometer_km, volume_litres, total_cost_kes, price_per_litre_kes, is_partial, has_additive, additive_name, driving_mode, fuel_grade, station, notes) values ('564278df-af5c-476f-bb8f-6d7597fb8339', '2020-05-27', 166370, 36.014, 2999.9663, 83.3, true, false, null, 'Normal', '80 RON', null, null);
insert into public.fuel_logs (vehicle_id, logged_at, odometer_km, volume_litres, total_cost_kes, price_per_litre_kes, is_partial, has_additive, additive_name, driving_mode, fuel_grade, station, notes) values ('564278df-af5c-476f-bb8f-6d7597fb8339', '2020-05-21', 166151, 24.01, 2000.033, 83.3, true, false, null, 'Normal', '80 RON', null, null);
insert into public.fuel_logs (vehicle_id, logged_at, odometer_km, volume_litres, total_cost_kes, price_per_litre_kes, is_partial, has_additive, additive_name, driving_mode, fuel_grade, station, notes) values ('564278df-af5c-476f-bb8f-6d7597fb8339', '2020-04-30', 165830, 31.95, 3000.105, 93.9, false, false, null, 'Normal', '80 RON', null, null);
insert into public.fuel_logs (vehicle_id, logged_at, odometer_km, volume_litres, total_cost_kes, price_per_litre_kes, is_partial, has_additive, additive_name, driving_mode, fuel_grade, station, notes) values ('564278df-af5c-476f-bb8f-6d7597fb8339', '2020-04-12', 165454, 26.786, 3000.032, 112, false, false, null, 'Normal', '80 RON', 'Shell', null);
insert into public.fuel_logs (vehicle_id, logged_at, odometer_km, volume_litres, total_cost_kes, price_per_litre_kes, is_partial, has_additive, additive_name, driving_mode, fuel_grade, station, notes) values ('564278df-af5c-476f-bb8f-6d7597fb8339', '2020-04-02', 165095, 20.758, 2299.9863, 110.8, false, false, null, 'Normal', '80 RON', null, null);
insert into public.fuel_logs (vehicle_id, logged_at, odometer_km, volume_litres, total_cost_kes, price_per_litre_kes, is_partial, has_additive, additive_name, driving_mode, fuel_grade, station, notes) values ('ea244a14-2259-4e15-9390-47d2835bd988', '2025-07-12', 153494, 22.561, 4000, 177.3, true, false, null, 'Normal', null, null, null);
insert into public.fuel_logs (vehicle_id, logged_at, odometer_km, volume_litres, total_cost_kes, price_per_litre_kes, is_partial, has_additive, additive_name, driving_mode, fuel_grade, station, notes) values ('ea244a14-2259-4e15-9390-47d2835bd988', '2025-06-21', 152619, 25.381, 4500, 177.3, false, false, null, 'Normal', null, null, null);
insert into public.fuel_logs (vehicle_id, logged_at, odometer_km, volume_litres, total_cost_kes, price_per_litre_kes, is_partial, has_additive, additive_name, driving_mode, fuel_grade, station, notes) values ('ea244a14-2259-4e15-9390-47d2835bd988', '2025-06-15', 152301, 40.092, 7000, 174.6, false, false, null, 'Normal', null, null, null);
insert into public.fuel_logs (vehicle_id, logged_at, odometer_km, volume_litres, total_cost_kes, price_per_litre_kes, is_partial, has_additive, additive_name, driving_mode, fuel_grade, station, notes) values ('ea244a14-2259-4e15-9390-47d2835bd988', '2025-06-11', 151818, 38.373, 6700, 174.6, false, false, null, 'Normal', null, null, null);

insert into public.service_logs (vehicle_id, serviced_at, odometer_km, category, description, workshop, total_cost_kes) values ('564278df-af5c-476f-bb8f-6d7597fb8339', '2026-03-15', 276102, 'Engine Tappets', 'Refitted exhaust cylinder 2 tappet 2 and inlet cylinder 1 tappet 1 and 2 with old used tappets from previous replacement', null, 0);
insert into public.service_logs (vehicle_id, serviced_at, odometer_km, category, description, workshop, total_cost_kes) values ('564278df-af5c-476f-bb8f-6d7597fb8339', '2026-03-15', 276100, 'Engine Oil, Oil Filter', null, null, 0);
insert into public.service_logs (vehicle_id, serviced_at, odometer_km, category, description, workshop, total_cost_kes) values ('564278df-af5c-476f-bb8f-6d7597fb8339', '2026-01-29', 273145, 'Spark Plugs', null, null, 8000);
insert into public.service_logs (vehicle_id, serviced_at, odometer_km, category, description, workshop, total_cost_kes) values ('564278df-af5c-476f-bb8f-6d7597fb8339', '2025-12-28', 269824, 'Aux Belt Tensioner Pulley, Belts, Brakes, Front', null, null, 0);
insert into public.service_logs (vehicle_id, serviced_at, odometer_km, category, description, workshop, total_cost_kes) values ('564278df-af5c-476f-bb8f-6d7597fb8339', '2025-12-12', 268853, 'Brakes, Rear', null, null, 0);
insert into public.service_logs (vehicle_id, serviced_at, odometer_km, category, description, workshop, total_cost_kes) values ('564278df-af5c-476f-bb8f-6d7597fb8339', '2025-12-03', 268441, 'Engine Oil, Oil Filter', null, null, 6000);
insert into public.service_logs (vehicle_id, serviced_at, odometer_km, category, description, workshop, total_cost_kes) values ('564278df-af5c-476f-bb8f-6d7597fb8339', '2025-08-10', 261667, 'HT Leads', 'One HT lead not replaced, kit had only 3.
Original HT coil reinstalled during troubleshooting and I left it there coz it''s still good', null, 5000);
insert into public.service_logs (vehicle_id, serviced_at, odometer_km, category, description, workshop, total_cost_kes) values ('564278df-af5c-476f-bb8f-6d7597fb8339', '2025-08-10', 261666, 'Tire A, Tire B, Tire C, Tire D, Wheel Alignment', null, null, 40000);
insert into public.service_logs (vehicle_id, serviced_at, odometer_km, category, description, workshop, total_cost_kes) values ('564278df-af5c-476f-bb8f-6d7597fb8339', '2025-07-25', 260700, 'Shock Absorber - Rear - Left, Shock Absorber - Rear - Right', null, null, 26000);
insert into public.service_logs (vehicle_id, serviced_at, odometer_km, category, description, workshop, total_cost_kes) values ('564278df-af5c-476f-bb8f-6d7597fb8339', '2025-07-25', 259650, 'Ignition Coil A, Spark Plugs, Starter - Overhaul (Cleaning, New Brush)', null, null, 8000);
insert into public.service_logs (vehicle_id, serviced_at, odometer_km, category, description, workshop, total_cost_kes) values ('564278df-af5c-476f-bb8f-6d7597fb8339', '2025-06-22', 258945, 'Tappets, Timing Chain, Timing Tensioner', null, null, 32000);
insert into public.service_logs (vehicle_id, serviced_at, odometer_km, category, description, workshop, total_cost_kes) values ('564278df-af5c-476f-bb8f-6d7597fb8339', '2025-05-12', 257539, 'Engine Oil, Oil Filter', null, null, 7000);
insert into public.service_logs (vehicle_id, serviced_at, odometer_km, category, description, workshop, total_cost_kes) values ('564278df-af5c-476f-bb8f-6d7597fb8339', '2024-12-09', 247482, 'Engine Oil, Oil Filter', null, null, 6000);
insert into public.service_logs (vehicle_id, serviced_at, odometer_km, category, description, workshop, total_cost_kes) values ('564278df-af5c-476f-bb8f-6d7597fb8339', '2024-10-03', 244542, 'Windscreen', null, null, 11000);
insert into public.service_logs (vehicle_id, serviced_at, odometer_km, category, description, workshop, total_cost_kes) values ('564278df-af5c-476f-bb8f-6d7597fb8339', '2024-09-25', 243959, 'Tire C, Tire D', null, null, 21550);
insert into public.service_logs (vehicle_id, serviced_at, odometer_km, category, description, workshop, total_cost_kes) values ('564278df-af5c-476f-bb8f-6d7597fb8339', '2024-07-03', 237978, 'Mounting - Engine (Right)', null, null, 7000);
insert into public.service_logs (vehicle_id, serviced_at, odometer_km, category, description, workshop, total_cost_kes) values ('564278df-af5c-476f-bb8f-6d7597fb8339', '2024-07-03', 237978, 'Mounting - Engine (Left)', null, null, 7000);
insert into public.service_logs (vehicle_id, serviced_at, odometer_km, category, description, workshop, total_cost_kes) values ('564278df-af5c-476f-bb8f-6d7597fb8339', '2024-07-03', 237978, 'Air Filter', null, null, 1500);
insert into public.service_logs (vehicle_id, serviced_at, odometer_km, category, description, workshop, total_cost_kes) values ('564278df-af5c-476f-bb8f-6d7597fb8339', '2024-07-03', 237977, 'Spark Plugs', null, null, 5000);
insert into public.service_logs (vehicle_id, serviced_at, odometer_km, category, description, workshop, total_cost_kes) values ('564278df-af5c-476f-bb8f-6d7597fb8339', '2024-05-11', 235073, 'Engine Oil, Oil Filter, Transmission Fluid', null, 'Total 2 rivers', 7610);
insert into public.service_logs (vehicle_id, serviced_at, odometer_km, category, description, workshop, total_cost_kes) values ('564278df-af5c-476f-bb8f-6d7597fb8339', '2024-04-22', 233890, 'Brakes - Parking, Brakes, Rear', null, null, 0);
insert into public.service_logs (vehicle_id, serviced_at, odometer_km, category, description, workshop, total_cost_kes) values ('564278df-af5c-476f-bb8f-6d7597fb8339', '2024-04-22', 233890, 'Brakes - Parking, Brakes, Rear', null, null, 0);
insert into public.service_logs (vehicle_id, serviced_at, odometer_km, category, description, workshop, total_cost_kes) values ('564278df-af5c-476f-bb8f-6d7597fb8339', '2024-03-20', 231704, 'Upper Arm - Left, Upper Arm - Right', null, null, 10000);
insert into public.service_logs (vehicle_id, serviced_at, odometer_km, category, description, workshop, total_cost_kes) values ('564278df-af5c-476f-bb8f-6d7597fb8339', '2024-03-20', 231703, 'Shock Absorber - Front - Left, Shock Absorber - Front - Right', null, null, 17000);
insert into public.service_logs (vehicle_id, serviced_at, odometer_km, category, description, workshop, total_cost_kes) values ('564278df-af5c-476f-bb8f-6d7597fb8339', '2024-03-20', 231703, 'Mounting - Gearbox', null, null, 4000);
insert into public.service_logs (vehicle_id, serviced_at, odometer_km, category, description, workshop, total_cost_kes) values ('564278df-af5c-476f-bb8f-6d7597fb8339', '2024-03-20', 231703, 'Lower Arm - Left, Lower Arm - Right', null, null, 27000);
insert into public.service_logs (vehicle_id, serviced_at, odometer_km, category, description, workshop, total_cost_kes) values ('564278df-af5c-476f-bb8f-6d7597fb8339', '2024-03-20', 231703, 'Disc Front - Left, Disc Front - Right', null, null, 8000);
insert into public.service_logs (vehicle_id, serviced_at, odometer_km, category, description, workshop, total_cost_kes) values ('564278df-af5c-476f-bb8f-6d7597fb8339', '2024-03-20', 231703, 'Brakes, Front', null, null, 5000);
insert into public.service_logs (vehicle_id, serviced_at, odometer_km, category, description, workshop, total_cost_kes) values ('564278df-af5c-476f-bb8f-6d7597fb8339', '2024-01-02', 226691, 'Engine Oil, Oil Filter', null, null, 0);
insert into public.service_logs (vehicle_id, serviced_at, odometer_km, category, description, workshop, total_cost_kes) values ('564278df-af5c-476f-bb8f-6d7597fb8339', '2023-07-03', 215834, 'Oil Filter, Engine Oil', null, null, 4000);
insert into public.service_logs (vehicle_id, serviced_at, odometer_km, category, description, workshop, total_cost_kes) values ('564278df-af5c-476f-bb8f-6d7597fb8339', '2023-05-31', 212146, 'Air Filter, Ignition Coil A, Ignition Coil B, Spark Plugs', null, null, 20000);
insert into public.service_logs (vehicle_id, serviced_at, odometer_km, category, description, workshop, total_cost_kes) values ('564278df-af5c-476f-bb8f-6d7597fb8339', '2023-02-27', 206429, 'Tire A, Tire B, Tire Balancing, Tire C, Tire D, Tire Pressure', null, null, 46775);
insert into public.service_logs (vehicle_id, serviced_at, odometer_km, category, description, workshop, total_cost_kes) values ('564278df-af5c-476f-bb8f-6d7597fb8339', '2022-12-29', 203854, 'Engine Oil, Oil Filter', null, null, 5000);
insert into public.service_logs (vehicle_id, serviced_at, odometer_km, category, description, workshop, total_cost_kes) values ('564278df-af5c-476f-bb8f-6d7597fb8339', '2022-08-30', 194092, 'Air Filter, Engine Oil', null, null, 0);
insert into public.service_logs (vehicle_id, serviced_at, odometer_km, category, description, workshop, total_cost_kes) values ('564278df-af5c-476f-bb8f-6d7597fb8339', '2022-05-07', 187270, 'Brakes, Front', null, null, 3500);
insert into public.service_logs (vehicle_id, serviced_at, odometer_km, category, description, workshop, total_cost_kes) values ('564278df-af5c-476f-bb8f-6d7597fb8339', '2022-04-16', 186129, 'A/C System', null, null, 13000);
insert into public.service_logs (vehicle_id, serviced_at, odometer_km, category, description, workshop, total_cost_kes) values ('564278df-af5c-476f-bb8f-6d7597fb8339', '2022-02-07', 183909, 'Oil Filter', null, null, 500);
insert into public.service_logs (vehicle_id, serviced_at, odometer_km, category, description, workshop, total_cost_kes) values ('564278df-af5c-476f-bb8f-6d7597fb8339', '2022-02-05', 183798, 'Engine Oil', 'Plus 1L ATF
Plus 500ml brake fluid', null, 4000);
insert into public.service_logs (vehicle_id, serviced_at, odometer_km, category, description, workshop, total_cost_kes) values ('564278df-af5c-476f-bb8f-6d7597fb8339', '2021-12-23', 181351, 'Tire Puncture', null, 'Auto Xpress - Garden City', 1000);
insert into public.service_logs (vehicle_id, serviced_at, odometer_km, category, description, workshop, total_cost_kes) values ('564278df-af5c-476f-bb8f-6d7597fb8339', '2021-10-30', 177832, 'Windshield Wipers', null, 'Auto Xpress - Ngong Road', 2100);
insert into public.service_logs (vehicle_id, serviced_at, odometer_km, category, description, workshop, total_cost_kes) values ('564278df-af5c-476f-bb8f-6d7597fb8339', '2021-10-19', 176900, 'Tire Puncture', null, null, 1700);
insert into public.service_logs (vehicle_id, serviced_at, odometer_km, category, description, workshop, total_cost_kes) values ('564278df-af5c-476f-bb8f-6d7597fb8339', '2021-09-01', 174115, 'Engine Oil, Oil Filter', null, null, 3500);
insert into public.service_logs (vehicle_id, serviced_at, odometer_km, category, description, workshop, total_cost_kes) values ('564278df-af5c-476f-bb8f-6d7597fb8339', '2021-08-21', 173500, 'Tire C', null, null, 150);
insert into public.service_logs (vehicle_id, serviced_at, odometer_km, category, description, workshop, total_cost_kes) values ('564278df-af5c-476f-bb8f-6d7597fb8339', '2021-06-02', 169633, 'Water Pump', null, null, 6000);
insert into public.service_logs (vehicle_id, serviced_at, odometer_km, category, description, workshop, total_cost_kes) values ('564278df-af5c-476f-bb8f-6d7597fb8339', '2021-06-01', 169633, 'Air Filter', null, null, 1200);
insert into public.service_logs (vehicle_id, serviced_at, odometer_km, category, description, workshop, total_cost_kes) values ('564278df-af5c-476f-bb8f-6d7597fb8339', '2020-10-03', 169600, 'Interior Fan Regulator', null, null, 6500);
insert into public.service_logs (vehicle_id, serviced_at, odometer_km, category, description, workshop, total_cost_kes) values ('564278df-af5c-476f-bb8f-6d7597fb8339', '2020-10-03', 169599, 'Service', null, null, 0);
insert into public.service_logs (vehicle_id, serviced_at, odometer_km, category, description, workshop, total_cost_kes) values ('564278df-af5c-476f-bb8f-6d7597fb8339', '2020-10-03', 169594, 'Windscreen', null, 'Kenya Coach Industries', 17000);
insert into public.service_logs (vehicle_id, serviced_at, odometer_km, category, description, workshop, total_cost_kes) values ('564278df-af5c-476f-bb8f-6d7597fb8339', '2020-09-04', 168888, 'Alternator', null, null, 25000);
insert into public.service_logs (vehicle_id, serviced_at, odometer_km, category, description, workshop, total_cost_kes) values ('564278df-af5c-476f-bb8f-6d7597fb8339', '2020-04-30', 165832, 'Tire Pressure', 'Found rear right at 18 psi. Has a leak', null, 0);
insert into public.service_logs (vehicle_id, serviced_at, odometer_km, category, description, workshop, total_cost_kes) values ('564278df-af5c-476f-bb8f-6d7597fb8339', '2020-04-25', 165781, 'Engine Oil, Oil Filter', null, null, 0);
insert into public.service_logs (vehicle_id, serviced_at, odometer_km, category, description, workshop, total_cost_kes) values ('564278df-af5c-476f-bb8f-6d7597fb8339', '2020-04-20', 165440, 'Cooling System', 'Flushed and filled cooling system with Holts anti rust. To do it again soon', null, 0);
insert into public.service_logs (vehicle_id, serviced_at, odometer_km, category, description, workshop, total_cost_kes) values ('564278df-af5c-476f-bb8f-6d7597fb8339', '2020-04-03', 165090, 'Tire Pressure', null, null, 0);
insert into public.service_logs (vehicle_id, serviced_at, odometer_km, category, description, workshop, total_cost_kes) values ('564278df-af5c-476f-bb8f-6d7597fb8339', '2020-04-02', 165056, 'Brake Caliper Rear', null, null, 15000);
insert into public.service_logs (vehicle_id, serviced_at, odometer_km, category, description, workshop, total_cost_kes) values ('564278df-af5c-476f-bb8f-6d7597fb8339', '2020-04-01', 165055, 'Brakes, Rear', null, null, 0);
insert into public.service_logs (vehicle_id, serviced_at, odometer_km, category, description, workshop, total_cost_kes) values ('564278df-af5c-476f-bb8f-6d7597fb8339', '2020-04-01', 165050, 'Spark Plugs', null, null, 0);

update public.fuel_logs f set km_since_last = o.kml from (
  select id, odometer_km - lag(odometer_km) over (partition by vehicle_id order by odometer_km) as kml
  from public.fuel_logs
) o where o.id = f.id;
commit;
